mythiques legends
brunei brunei
excommunication excommunication
garland garland
armoire cupboard
schistes limestones
spinoza aristotle
meneurs meneurs
heine heine
tourbe peat
harmon harmon
nivernais nivernais
sinatra sinatra
municipio municipio
archidiacre archidiacre
vider vider
capo capo
cristiano adriano
priver deprive
miraculeuse miraculous
vaguement vaguely
shelby shelby
lugo lugo
donkey donkey
ponctuation punctuation
cham cham
buissons bushes
rommel rommel
romanisation romanisation
capter capter
tania tania
convection convection
femina femina
cravate cravate
tou ur
laitiers dairy
optimiste optimistic
ergonomie ergonomics
yankee yankee
revendu bought
sherry sherry
charlier charlier
convaincus convinced
honfleur honfleur
brody brody
virgil virgil
ester ester
fleischer fleischer
remords remorse
membranes membranes
lovecraft lovecraft
matti matti
fonseca fonseca
duclos duclos
patiente patiente
soult soult
moshe moshe
middlesbrough middlesbrough
gauguin gauguin
nidification wintering
ziegler ziegler
elephant elephant
infinity infinity
belo belo
jacquot jacquot
lamothe lamothe
kessel kessel
reproduite reproduced
premiere premiere
libreville libreville
bacs bacs
henryk henryk
hodgson hodgson
amendes fines
shining shining
cosmopolite cosmopolitan
ichi ichi
suspens suspens
bild bild
brutes brutes
katerina katerina
saules willows
garant garant
aviaire avian
farah farah
missa missa
highland highland
vapeurs vapours
critiquant criticising
oculus oculus
vortex vortex
sommaires sommaires
liane liane
perl perl
elektra elektra
kidd kidd
mailles mailles
oursins oursins
garni garni
blackpool blackpool
dfb dfb
leiria leiria
cellier pantry
malibu malibu
sensu sensu
floral floral
douteuses douteuses
bayle bayle
altman altman
clavel clavel
lamborghini ferrari
marck marck
papeterie papeterie
cdc cdc
xiao xiao
napier napier
josiane josiane
cream cream
bliss bliss
indigne indigne
terriers terriers
opportun opportune
opaque opaque
siege siege
vigoureusement vigorously
bolivien bolivian
hutton hutton
excursion excursion
circ circ
cuites baked
hispaniques hispanic
magnat magnat
intercepter intercept
radioactif non-radioactive
sap sap
reforme reforme
constellations constellations
conversions conversions
gilmour gilmour
maude maude
darryl darryl
bombarder bombard
nic nic
divertissements entertainment
conduisait conduisait
dogmatique dogmatic
hiller hiller
cep cep
racer racer
notte notte
commanderies commanderies
impuissance powerlessness
irvin irvin
cuevas cuevas
hermes hermes
alkmaar alkmaar
carcasse carcass
analytiques analytical
jarvis jarvis
germes germs
chiang chiang
compteurs compteurs
bordures bordures
inceste incest
kali kali
pellerin pellerin
cassie cassie
berck berck
jocelyne maureen
hebei hebei
preneur preneur
eriksson eriksson
ravageurs pests
villepin blunkett
susanna susanna
quota quota
sonja sonja
marlowe marlowe
mariusz mariusz
joystick joystick
faulkner faulkner
truffe truffe
usinage machining
manutention manutention
nourris fed
longo longo
nieminen nieminen
loulou loulou
jamel jamel
mcbride mcbride
junkers junkers
cheshire cheshire
minnelli minnelli
horatio horatio
imago imago
snk snk
shahar shahar
raymonde raymonde
boots boots
ultraviolet ultraviolet
allain allain
tambourin tambourin
loubet loubet
memoriam memoriam
reproducteur reproducteur
roca roca
tempera tempera
lucile lucile
shapiro shapiro
amandes almonds
schola cantorum
artes artes
surinam surinam
motorsport motorsport
chaco chaco
sires sires
confiserie confectionery
mueller mueller
leandro leandro
koizumi koizumi
verrou verrou
lituaniens latvians
chantait sang
stora stora
superiore superiore
abolir abolish
embryonnaire embryonic
innocente innocent
moderato moderato
escarmouches skirmishes
slide slide
mikel mikel
matelot matelot
dare dare
arthropodes arthropods
wojciech wojciech
pong pong
ata ata
cabral cabral
antananarivo antananarivo
afrikaner afrikaner
lommel lommel
eros eros
faisable doable
pipeline pipeline
bruel bruel
numero numero
montoya montoya
rubio rubio
regretter regretter
laroque laroque
deja havent
garin garin
hittites hittites
microbiologie microbiology
grenadines grenadines
adda adda
obispo obispo
medvedev medvedev
bic bic
fresno fresno
cpu cpu
incitant incitant
schroeder schroeder
cuits cooked
johnstone johnstone
lefort lefort
clarisse clarisse
bassett bassett
patras patras
abaisse abaisse
menzel menzel
hiroyuki hiroyuki
dorothea dorothea
doubleday doubleday
brasilia brasilia
chek chek
pixar pixar
baudoin baudoin
scoop scoop
castelo castelo
sentait sentait
twickenham twickenham
dels dels
wolfram wolfram
fist fist
atrium atrium
marginaux marginaux
kita kita
guan guan
antonius antonius
chauvet chauvet
ende ende
hertfordshire hertfordshire
barrymore barrymore
chavannes chavannes
turbulences turbulences
gaine sheath
infectieuse gastroenteritis
rejouer rejouer
neuro neuro
batte batte
arnaque arnaque
calibres calibres
infectieux infective
pritchard pritchard
hodge hodge
conde conde
bom bom
nadir nadir
intercession intercession
logarithme logarithm
misanthrope misanthrope
fitch fitch
dubrovnik dubrovnik
interpol interpol
transformateurs transformateurs
crs crs
sanz sanz
dekker dekker
khz khz
boonen boonen
crichton crichton
wulf wulf
ulf ulf
tristes sad
innovante innovative
dns dns
voyous thugs
qualitative qualitative
lehman lehman
wladimir wladimir
brouillons brouillons
sarawak sarawak
lueur glimmer
salvator salvator
maladroite clumsy
chai chai
debord debord
spp spp
larcher larcher
annabelle annabelle
huddersfield huddersfield
deum deum
phu phu
gland gland
margaux margaux
puerta puerta
shrek shrek
rigole rigole
edvard edvard
filtrer filtrer
lyra lyra
kemper kemper
survenant occur
barbizon barbizon
leonhard leonhard
rouget rouget
lisette lisette
pozzo pozzo
mantegna mantegna
guignol guignol
olsson olsson
parentale parental
hama hama
pupitre pupitre
kef kef
harmonium harmonium
fentes apertures
majestic majestic
invasives invasive
jeudis wednesdays
gramme kilogram
krauss krauss
togolais togolese
angolais angolais
titi titi
bagage baggage
reflux reflux
slip slip
remington remington
bardet bardet
suze suze
henley henley
gohan gohan
rivet rivet
pudeur pudeur
officieusement unofficially
trie trie
gargan gargan
erickson erickson
juana juana
waldo waldo
anja anja
inutilisable unusable
viana viana
seiji seiji
ghislaine ghislaine
zoos zoos
matadors matadors
alexei andrei
bizarrement strangely
ancestrales centuries-old
tuf tuf
daredevil daredevil
yorker yorker
coaching coaching
sefer sefer
italiani italiani
erlangen erlangen
cambrioleur thief
harbin harbin
rockford rockford
strings strings
charpentiers shipwrights
rationalisation rationalisation
briquet briquet
sabin sabin
hondo hondo
bruegel bruegel
clarification clarification
joon joon
radiateur heater
galli galli
canadensis canadensis
lippi lippi
ventriculaire ventricular
repentir repentance
heerenveen heerenveen
sokolov sokolov
aplomb aplomb
capensis capensis
pollet pollet
camilo camilo
zan zan
transfer transfer
dalila dalila
colby colby
rancune grudges
hue hue
mohr mohr
gourlay gourlay
juilliard juilliard
olympus olympus
sharma sharma
hendaye hendaye
individualiste individualist
planchers planchers
barret barret
sanglants bloodbaths
rilke rilke
traumatique trauma
pluralisme pluralism
bohr bohr
arbitrer arbitrer
felicia felicia
mujeres mujeres
survivante survivor
charny charny
idriss idriss
unione unione
misaki misaki
veneto veneto
shinjuku shinjuku
kaa kaa
perros perros
venge venge
titularisation probationary
titrage titrage
volontariat volontariat
coulisse coulisse
evgeny evgeny
pellegrini pellegrini
amundsen amundsen
ventricule ventricle
agressives aggressive
martyn martyn
awa awa
rotary rotary
lucette lucette
remorqueur remorqueur
improvisations improvisations
saumure brine
moma moma
escapade escapade
ute ute
mischa mischa
sergi sergi
gerrard gerrard
sacro sacro
bossa bossa
majestueux majestic
groom groom
ratifier ratify
landers landers
klm klm
jacobite jacobite
battaglia battaglia
prats prats
compiler compile
galbraith galbraith
bimestriel bi-monthly
rayo rayo
nussbaum nussbaum
autos cars
exportateur exporter
humus humus
sanremo sanremo
kwan kwan
cisalpine cisalpine
syndromes syndromes
duplication duplication
polis polis
freitas freitas
giorno giorno
tacoma tacoma
aalborg aalborg
adjudication adjudication
genji genji
collioure collioure
stiles stiles
scandaleux disgraceful
polyester polyester
mayday mayday
mascarade charade
fructose fructose
hammersmith hammersmith
schweiz schweiz
toki toki
yat yat
grimaud grimaud
corsini corsini
fondus fondus
lynchage lynchage
carences deficiencies
schmitz schmitz
dominance dominance
ramona ramona
piz piz
dobson dobson
seiter seiter
atsushi atsushi
falcone falcone
untitled untitled
miron miron
pugh pugh
saavedra saavedra
bartholomew bartholomew
embouteillage embouteillage
misty misty
bucher bucher
olten olten
chlorhydrique hydrochloric
ashe ashe
radiohead radiohead
lizzy lizzy
vfr vfr
whitley whitley
rapace rapace
mim mim
habana habana
rockabilly rockabilly
tarda tarda
cso cso
vieillir vieillir
kerouac kerouac
triforium triforium
alona alona
bloomfield bloomfield
xing xing
hor hor
cosma cosma
semper semper
coordonnateur co-ordinator
manticore manticore
hiroshige hokusai
jeannie jeannie
dividendes dividends
shape shape
prada prada
lebeau lebeau
conceptuelle conceptual
viseu viseu
adressage adressage
badr badr
consenti consenti
trulli trulli
handicaps impairments
dominici dominici
carina carina
ayu ayu
finaliser finalise
bibliophiles bibliophiles
warburg warburg
yume yume
avantageuse avantageuse
arti arti
incroyablement incredibly
permutations permutations
fabiola fabiola
niklas niklas
plantarum plantarum
tchadien tchadien
unisson unisson
lotta lotta
blondie blondie
juli juli
pietra pietra
weygand weygand
nicholls nicholls
prentice prentice
huss huss
vimy vimy
calumet calumet
nvidia nvidia
transposer transposer
imitateur imitateur
minos minos
sutra sutra
fortunato fortunato
susana susana
grotesques grotesques
orban orban
camargo camargo
tomsk tomsk
froidement coldly
scriabine scriabine
orfeo orfeo
portatif portatif
confesse confesses
kronstadt kronstadt
dart dart
yacoub yacoub
roulements pistons
vau vau
gouvernent govern
monier monier
pitti pitti
poulie pulley
cannibale cannibale
goldschmidt goldschmidt
excentriques eccentrics
cantorum cantorum
broughton broughton
scieries sawmills
tachibana tachibana
masterson masterson
troc troc
tonton tonton
hampden hampden
muay muay
rosalind rosalind
balancer throw
milliardaires billionaires
ralentie slowed
corral corral
sarr sarr
stasi stasi
rauma rauma
taha taha
casserole saucepan
bakufu bakufu
mindanao mindanao
nox nox
mackintosh mackintosh
kilimandjaro kilimanjaro
minogue minogue
severino severino
siri siri
guernica guernica
iga iga
hackers hackers
anachronique anachronistic
helios helios
suicidaire suicidal
haim haim
secouru rescued
hurlements wailings
nao nao
ilona ilona
aung suu
pleven pleven
hardin hardin
barbour barbour
vail vail
compactes compactes
ronda ronda
connaught connaught
druzes druze
falkirk falkirk
verges verges
fedor fedor
transatlantiques transatlantic
baigner bathe
editrice editrice
carlin carlin
chari chari
tui tui
bienveillante bienveillante
burnside burnside
fritsch fritsch
kasper kasper
anion protonate
chilton chilton
omet omits
grimoire grimoire
radicalisation radicalisation
monstrueuse monstrous
janne janne
amyot amyot
bataclan bataclan
castellum castellum
chartrand chartrand
pacs pacs
amp amp
coexister co-exist
yamazaki yamazaki
coster coster
biggs biggs
davie davie
tchadienne tchadienne
haganah haganah
sewell sewell
chau chau
berta berta
dutton dutton
quesada quesada
atc atc
mollo mollo
teofilo teofilo
galeria galeria
soupes soups
franziska franziska
goo goo
hussain hussain
crans crans
sanjay sanjay
galen galen
harlequins harlequins
tierney tierney
baa baa
fas fas
guidi guidi
parnell parnell
opportunistes opportunistic
sor sor
cronos cronos
schenker schenker
veineuse venous
avellaneda avellaneda
colla colla
enfilade enfilade
elinor elinor
divergente divergent
harada harada
arnt arnt
sns sns
continuelle continual
steinbach steinbach
maryam maryam
poreux porous
corbeilles baskets
sigebert ethelwulf
krusty krusty
picon picon
midrash midrash
factice factice
wojtek wojtek
aries aries
bocal bocal
southland southland
artwork artwork
scheuer scheuer
chalumeau chalumeau
marr marr
acclamation acclamation
intensivement intensively
mahone mahone
abies abies
popp popp
spyro spyro
guillem guillem
groening groening
iberia iberia
mds billion
nakano nakano
blackberry blackberry
fibrose fibrillary
cruche cruche
vine vine
briscoe briscoe
sae sae
petacchi petacchi
atticus atticus
placido placido
ishihara ishihara
figueras figueras
woodruff woodruff
punie punishable
erratique erratique
malloy malloy
microbienne microbial
asd asd
compliments compliments
phys phys
longman longman
sten sten
amaya amaya
facial facial
scar scar
srebrenica srebrenica
insertions insertions
lfc lfc
expire expire
arequipa arequipa
hermaphrodites hermaphrodites
avarice avarice
saoudiens saudis
webmaster webmaster
fara fara
rachael rachael
fourgons vans
osgood osgood
clipper clipper
famiglia famiglia
posters poster
mountbatten mountbatten
aktion aktion
manchette manchette
roja roja
sutta sutta
obra obra
dewitt dewitt
demir demir
teaser teaser
corrosif caustic
analysent analysing
knudsen knudsen
vod vod
aveuglement delusion
gstaad gstaad
alu alu
aia aia
hardie hardie
nakai nakai
fragmentaire fragmentary
dga dga
petrucci petrucci
geyer geyer
tripp tripp
palpatine palpatine
salvi salvi
glycine glycine
krueger krueger
mercado mercado
ludlow ludlow
gam gam
gorgone gorgone
vibrer vibrer
molinari molinari
bayerische bayerische
garvey garvey
bardon bardon
gravelle gravelle
bretelles bretelles
audubon audubon
skype skype
herreman herreman
peshawar jalalabad
francke francke
boole boole
chaucer chaucer
grece grece
poignarde stabbing
warburton warburton
verney verney
peckinpah peckinpah
hutchison hutchison
mccord mccord
busters busters
simulacre simulacre
maugham maugham
mazurka mazurka
tresse tresse
enric enric
nello nello
lorena lorena
tutu tutu
dominical dominical
ecu ecu
dlr dlr
pergola pergola
lusaka lusaka
inexorablement inexorably
keren keren
cattaneo cattaneo
bombus bombus
rochet rochet
zuma zuma
lansdowne lansdowne
haar haar
isao isao
eko eko
prout prout
yeo yeo
gili gili
vik vik
perceptibles discernible
coo coo
migrant migrant
insinuations insinuations
marlow marlow
ergo ergo
schule schule
dissonance dissonance
kayseri kayseri
toa toa
digressions digressions
ziggy ziggy
barfleur barfleur
coriandre coriander
gavotte gavotte
selkirk selkirk
gygax gygax
akai akai
martelli martelli
berenguer berenguer
aiko aiko
ravager ravage
palgrave regnery
jamestown jamestown
syllabique syllabique
windham windham
obsessions obsessions
tarquinia tarquinia
gracieusement kindly
barat barat
ojeda ojeda
fogg fogg
piccard piccard
commotion commotion
herbst herbst
ortie comfrey
aye aye
beausoleil beausoleil
rab rab
gte gte
mackey mackey
mev mev
rong rong
prevost prevost
olivares olivares
marija marija
jutta jutta
cornwallis cornwallis
citrons cloves
santorin santorini
moineaux moineaux
sappho sappho
ryanair ryanair
dumbo dumbo
rho rho
roadrunners roadrunners
pathfinder pathfinder
kendra kendra
talmudique talmudic
bellot bellot
asperge asperge
paulson paulson
scanners scanners
kunio kunio
aggravant exacerbating
importateurs importers
olmedo olmedo
laing laing
lio lio
wijk wijk
viale viale
kannon kannon
arta arta
limonade lemonade
pallida pallida
surpoids overweight
situationniste situationist
salviati salviati
fongiques fungal
hartmut hartmut
weyden weyden
aerts aerts
jodi jodi
kenzo kenzo
badiou badiou
cytochrome cytochrome
terrell terrell
adroit adroit
incessante ceaseless
moncada moncada
vishnu vishnu
canzone canzone
hakone hakone
brioche brioche
baudot baudot
menottes handcuffs
cyan cyan
alitalia alitalia
seveso comah
emo emo
centurions centurions
predrag predrag
sarmates sarmates
galan galan
broeck broeck
historica historica
editori editori
lamentation lamentation
butterworth butterworth
kiko kiko
gallen gallen
vae ap(e)l
thalassa thalassa
bulldozer bulldozer
jugurtha jugurtha
cocotte casserole
donahue donahue
barclays barclays
barthelemy barthelemy
willibald willibald
krypton krypton
koper koper
quasar quasar
blitzkrieg blitzkrieg
denham denham
rajeunir rajeunir
perverse amoral
renshaw renshaw
tikal tikal
fractionnement fractionnement
sulfures sulphides
bist bist
chandos chandos
modelage sculpting
maciel maciel
ondulations undulations
infirmes infirmes
bernina bernina
confits apricots
packs packs
esme esme
afd dfid
xhtml xhtml
humblot humblot
texel texel
engelmann engelmann
delpy delpy
foudroyant foudroyant
jute jute
calas calas
tejada tejada
hagan hagan
assaillant assaillant
villalba villalba
pye pye
motorsports motorsports
lauriston lauriston
playlist playlist
bientot bientot
multicolore multi-coloured
ebenezer ebenezer
friedberg friedberg
ferghana ferghana
carats 18-carat
suger suger
salutation salutation
volos volos
vari vari
kis kis
jukka jukka
lace lace
jett jett
gigue gigue
atherton atherton
canarias canarias
mab mab
kroll kroll
tchou tchou
selecta selecta
messer messer
aquarius aquarius
savy savy
callum callum
salvini salvini
placage placage
bri bri
melons melons
lactation lactation
shem shem
tsunamis tsunamis
glinka glinka
mcc mcc
reiser reiser
cherubini cherubini
bisous thanx
gemayel gemayel
orio orio
amba amba
coulait flowed
bozo bozo
leasing leasing
brahma brahmas
jeanneret jeanneret
evry evry
giga giga
takahiro takahiro
kolkata kolkata
sadisme sadism
srt srt
seta seta
mamba mamba
pcp pcp
stoller stoller
anil anil
latifolia pumila
maren maren
ducis ducis
pressburger pressburger
strasser strasser
fluctuation fluctuation
marylebone marylebone
saya saya
borodine borodin
inonder inonder
morosini morosini
asch asch
kozlov kozlov
leman leman
foss foss
brahman brahman
nolte nolte
gilman gilman
coraniques koranic
clodius clodius
sophistes sophists
gourde gourde
doggett doggett
quiero quiero
pochoir stencilling
schwarze schwarze
contention contention
ivanova ivanova
lederman lederman
vab vab
oflag oflag
intranet intranet
tompkins tompkins
ddg ddg
ect etc..
plas plas
merri merri
hoskins hoskins
expropriations expropriations
minuta minuta
ballo ballo
bhl bhl
firebird firebird
nast nast
insensibles insensibles
aep aep
narayan narayan
mulcahy mulcahy
fdf fdf
yuna yuna
lemos lemos
ennuyer ennuyer
koninck koninck
rafi rafi
perfide perfide
fard fard
gallegos gallegos
utrillo utrillo
weed weed
castellan castellan
passives passive
souriante souriante
andin andean
thalberg thalberg
versace versace
shania shania
nap nap
geddes geddes
litanie litany
coachs coachs
marga marga
kumasi kumasi
siete siete
electronique electronics
buffer buffer
grossistes wholesalers
mccloud mccloud
cte cte
stabilisant stabilises
aguiar aguiar
heilig heilig
wadsworth wadsworth
piaggio piaggio
ramzy ramzy
csaba csaba
occipital occipital
finisterre skerries
spacieuse spacious
stratus stratus
mercosur mercosur
cytokines cytokines
imsa imsa
qualitativement qualitatively
imi imi
guang guang
durci durci
hockenheim hockenheim
dukas dukas
fipa fipa
sema sema
mahony mahony
motoneige snowmobile
lucullus lucullus
caixa caixa
tourment torment
huth huth
stjepan stjepan
hodgkin hodgkin
jintao jintao
superamas superamas
biceps biceps
sarda sarda
catwoman catwoman
gottes gottes
chiari chiari
poignant poignant
nakazawa nakazawa
bbs bbs
abattement abattement
trina trina
nimbus nimbus
rydell rydell
stearns stearns
aspergillus penicillium
garten garten
synapse synapse
yasuhiro yasuhiro
vaccinium vaccinium
naguib naguib
llano llano
gerbille gerbille
broussard broussard
kaitlyn kaitlyn
permaculture permaculture
progressifs progressifs
pitons pitons
katayama katayama
prometteuses promising
tillie tillie
rajoy rajoy
strode strode
appendicite appendicitis
honeywell honeywell
cedeao ecowas
platonique platonique
markku markku
portas portas
boehm boehm
animus animus
fondamentaliste fundamentalist
foerster foerster
angora angora
corbet corbet
doctrinales doctrinal
niet niet
amb amb
mcg mcg
finck finck
braconniers poachers
andantino andantino
epub epub
takamatsu takamatsu
confessionnelles denominational
rawlings rawlings
vaca vaca
gradation gradation
orp orp
blob blob
canaletto canaletto
generis generis
schulte schulte
gardiennage gardiennage
sharman sharman
gorgias protagoras
bouzouki bouzouki
scritti scritti
apn apn
masjid masjid
testeurs testers
smp smp
benassi benassi
lafrance lafrance
pharmacologiques pharmacological
pubis pubis
montepulciano montefalco
ogilvy ogilvy
wiltz wiltz
tallec tallec
ppd ppd
moscovici moscovici
megami megami
mubarak mubarak
incurables incurables
yeh yeh
cesi cesi
antioxydants antioxidants
porcin porcin
abdelwahab abdelwahab
borrelia borrelia
pacini pacini
rastafari rastafari
brackett brackett
weisman weisman
cef cef
amata amata
aubergines aubergine
domo domo
saoul saoul
corroborer corroborate
rah rah
antonietta antonietta
dsk dsk
tortueux tortueux
capelli capelli
loring loring
teemu teemu
alon alon
bakri bakri
harker harker
flagg flagg
yoshikawa yoshikawa
nya nya
comps comps
florus florus
weezer weezer
typologies typologies
kwa kwa
cers cers
adelheid adelheid
brodsky brodsky
appariement appariement
cavalleria cavalleria
martinson martinson
doxa doxa
superficiellement superficiellement
rial rial
tls tls
ramey ramey
dalia dalia
stx stx
nemes nemes
descripteurs descripteurs
teton teton
tourmalet tourmalet
suoi suoi
dutoit dutoit
leopardi leopardi
sombrero sombrero
korg korg
sch sch
balaton balaton
lavoro lavoro
prospecteur prospecteur
rotatives rotatives
refroidie cooled
opie opie
stg stg
technicienne technicienne
sorge sorge
bulla bulla
streptococcus mycobacteria
hoare hoare
aviculture aviculture
pinay pinay
colvin colvin
lexie lexie
ennuyeuse tiresome
kilmer kilmer
eider eider
foll foll
abr abr
ricciardo ricciardo
réveiller réveiller
précipitation précipitation
masséna masséna
piédestal piédestal
piégé piégé
déformations déformations
sismicité sismicité
goiás goiás
fleurus fleurus
châteaudun châteaudun
confisqués confisqués
györgy györgy
consultés consultés
chères chères
congés congés
détérioration détérioration
résurgence résurgence
embrun embrun
osé osé
prématuré prématuré
pédophilie pédophilie
atténuer atténuer
héréditaires héréditaires
améliorés améliorés
listé listé
belligérants belligérants
nécrologie nécrologie
juppé juppé
distinguée distinguée
colisée colisée
stériles stériles
pará pará
cáceres cáceres
simard simard
changée changée
lemaître lemaître
assimilée assimilée
mentalité mentalité
molinaro molinaro
aborigène aborigène
kyūshū kyūshū
éligibles éligibles
macédoniens macédoniens
exporté exporté
réutilisé réutilisé
hardouin hardouin
modernisé modernisé
poperinge poperinge
servan servan
fréquentés fréquentés
détachés détachés
formulées formulées
benneteau benneteau
reflétant reflétant
diversifié diversifié
réducteur réducteur
réplication réplication
électrodes électrodes
mérité mérité
perturbée perturbée
centralisée centralisée
macaire macaire
niño niño
velázquez velázquez
promulgué promulgué
inégale inégale
présentateurs présentateurs
sicard sicard
aminé aminé
habillée habillée
présumée présumée
lépine lépine
asymétriques asymétriques
curaçao curaçao
paok paok
ostrów ostrów
excréments excréments
comparés comparés
pylônes pylônes
hernán hernán
décapitation décapitation
surdité surdité
contaminé contaminé
beaurepaire beaurepaire
génératrice génératrice
hohenlohe hohenlohe
révolté révolté
aération aération
coûteuses coûteuses
débordements débordements
enfoirés enfoirés
épicentre épicentre
contaminés contaminés
rapatrié rapatrié
dégradée dégradée
raffiné raffiné
régit régit
méthyl méthyl
réceptionniste réceptionniste
mário mário
pluralité pluralité
éliminées éliminées
agitée agitée
électrode électrode
testée testée
sclérose sclérose
belkacem belkacem
madawaska madawaska
écrasant écrasant
impératifs impératifs
mónaco mónaco
soulanges soulanges
émane émane
catégoriquement catégoriquement
querrey querrey
vallonné vallonné
athis athis
solubilité solubilité
compliquées compliquées
#ffe #ffe
éradication éradication
doña doña
lothringen lothringen
voyer voyer
masquée masquée
taschereau taschereau
étonner étonner
déguisée déguisée
détournée détournée
obstétrique obstétrique
yamaska yamaska
préséance préséance
déformé déformé
épidémiologie épidémiologie
passagère passagère
noyelles noyelles
mortemart mortemart
guérisseur guérisseur
compensé compensé
méndez méndez
vergy vergy
tathiana tathiana
infidèle infidèle
grigor grigor
résilience résilience
łęczyca łęczyca
toplica toplica
tecău tecău
conflent conflent
woreda woreda
omniprésente omniprésente
métaphores métaphores
signifié signifié
assignés assignés
fernandel fernandel
décompression décompression
araneidae araneidae
impunité impunité
anéantie anéantie
ciblé ciblé
raimon raimon
coïncident coïncident
spvgg spvgg
déserteur déserteur
chouan chouan
pénalisé pénalisé
köhler köhler
beauharnois beauharnois
trés trés
morat morat
maté maté
jovanović jovanović
tolima tolima
célibat célibat
molé molé
zdeněk zdeněk
kubot kubot
châtiments châtiments
résines résines
carafa carafa
élastiques élastiques
majoli majoli
corazón corazón
détonation détonation
reggi reggi
inversées inversées
séquençage séquençage
excité excité
gouttière gouttière
infligée infligée
stéroïdes stéroïdes
dushevina dushevina
parrott parrott
manquée manquée
sédimentation sédimentation
edmondson edmondson
prophétique prophétique
prémisses prémisses
bibliothécaires bibliothécaires
tréport tréport
salées salées
sophistiqués sophistiqués
retravaillé retravaillé
diversifiées diversifiées
végétarien végétarien
tér tér
prédominant prédominant
déçue déçue
haïtiens haïtiens
ophüls ophüls
séré séré
vésuve vésuve
irun irun
#dfffdf #dfffdf
amplifié amplifié
almodóvar almodóvar
lucidité lucidité
mélangées mélangées
skikda skikda
litière litière
jagellonne jagellonne
épicéa épicéa
soupçonnée soupçonnée
contourné contourné
planétarium planétarium
piast piast
mclaglen mclaglen
nové nové
méditer méditer
coïncider coïncider
cahuzac cahuzac
maków maków
caïques caïques
kakashi kakashi
villacoublay villacoublay
zamalek zamalek
cuiseaux cuiseaux
jansénistes jansénistes
pillés pillés
écrou écrou
malhonnête malhonnête
orbigny orbigny
louison louison
bernanos bernanos
pédophile pédophile
hocine hocine
sierpc sierpc
hanséatique hanséatique
appréhension appréhension
méritait méritait
chappuis chappuis
alicja alicja
vallecano vallecano
bleeker bleeker
tromsø tromsø
assayas assayas
thiam thiam
branché branché
subotica subotica
amhara amhara
bône bône
sarsfield sarsfield
guez guez
godbout godbout
examinée examinée
brodé brodé
féline féline
anmen anmen
cassell cassell
fouta fouta
vaucouleurs vaucouleurs
abymes abymes
démocratiquement démocratiquement
éjaculation éjaculation
fœtale fœtale
soudé soudé
réglementer réglementer
benzema benzema
tubize tubize
réprimé réprimé
passivité passivité
prédicateurs prédicateurs
campeonato campeonato
éthyle éthyle
pressés pressés
dussault dussault
standardisée standardisée
sheamus sheamus
calmette calmette
désarmer désarmer
saada saada
vertèbre vertèbre
pécs pécs
largué largué
pénuries pénuries
pompon pompon
baignée baignée
enflammé enflammé
haïku haïku
zélé zélé
géothermique géothermique
leeuwarden leeuwarden
stakhovsky stakhovsky
bromley bromley
lespinasse lespinasse
lalaing lalaing
agacé agacé
gimnasia gimnasia
dicté dicté
augmentées augmentées
allouée allouée
présidences présidences
dupri dupri
pärt pärt
binda binda
panthères panthères
navigué navigué
valur valur
tamaulipas tamaulipas
azerbaïdjanaise azerbaïdjanaise
guérie guérie
épaisseurs épaisseurs
tokushima tokushima
volatilité volatilité
castaing castaing
suplex suplex
wyszków wyszków
daigo daigo
moncey moncey
inexpérience inexpérience
séminoles séminoles
interdépendance interdépendance
anzoátegui anzoátegui
szamotuły szamotuły
dégradant dégradant
ménestrel ménestrel
bonsaï bonsaï
réprimées réprimées
gauvin gauvin
gostyń gostyń
traîné traîné
sremska sremska
déséquilibres déséquilibres
lewiston lewiston
matérialiser matérialiser
anicet anicet
rétractable rétractable
bartoszyce bartoszyce
suwałki suwałki
mordecai mordecai
telemundo telemundo
aylmer aylmer
kiso kiso
helsingborgs helsingborgs
sáenz sáenz
duckworth duckworth
nguyên nguyên
péruviens péruviens
préoccupante préoccupante
libert libert
ctenotus ctenotus
tolérés tolérés
yuriy yuriy
inébranlable inébranlable
linéairement linéairement
infirmité infirmité
fellgiebel fellgiebel
activées activées
mosan mosan
maoïstes maoïstes
ignatiev ignatiev
interrégionale interrégionale
linky linky
polona polona
bürgermeister bürgermeister
gonthier gonthier
belgië belgië
adélard adélard
gasol gasol
amritraj amritraj
révolutionné révolutionné
foreurs foreurs
équilibrés équilibrés
berryz berryz
amadis amadis
perestroïka perestroïka
jarod jarod
aarschot aarschot
qasim qasim
examinées examinées
grétry grétry
jammes jammes
effrayés effrayés
polyuréthane polyuréthane
valentia valentia
vérificateurs vérificateurs
clubiona clubiona
intermedius intermedius
spéculateurs spéculateurs
straubing straubing
vladikavkaz vladikavkaz
dépliant dépliant
crkva crkva
madara madara
łęczna łęczna
quenya quenya
gordy gordy
essling essling
réitérer réitérer
ldu ldu
whitlam whitlam
corticoïdes corticoïdes
mateusz mateusz
superleague superleague
ovw ovw
monomère monomère
philippoussis philippoussis
ludwigslust ludwigslust
coïncidant coïncidant
ébranlé ébranlé
piégeage piégeage
déficients déficients
för för
balançoire balançoire
jindřichův jindřichův
barrère barrère
agressée agressée
réactivation réactivation
lamennais lamennais
varanus varanus
aérer aérer
préjuger préjuger
découragement découragement
détonateur détonateur
réparateur réparateur
gharbi gharbi
rosay rosay
bács bács
downes downes
répressives répressives
midtjylland midtjylland
riboud riboud
étouffée étouffée
vejle vejle
pywikipedia pywikipedia
détaillants détaillants
orantes orantes
iroda iroda
accosté accosté
frénétique frénétique
iñaki iñaki
divisão divisão
grünen grünen
åke åke
löwen löwen
laidlaw laidlaw
gassman gassman
écueils écueils
brevetée brevetée
impétueux impétueux
crüe crüe
traîtrise traîtrise
habillées habillées
dewoitine dewoitine
spontanés spontanés
anesthésique anesthésique
świebodzin świebodzin
hétérosexuel hétérosexuel
lanark lanark
cerami cerami
cúcuta cúcuta
matton matton
giard giard
démissions démissions
réfuté réfuté
düren düren
daubigny daubigny
interfère interfère
nostrand nostrand
brémond brémond
sirois sirois
frederiksberg frederiksberg
giteau giteau
europäische europäische
prôner prôner
tél tél
kližan kližan
comanches comanches
martorell martorell
palilula palilula
électrostatiques électrostatiques
oblasts oblasts
eichstätt eichstätt
ngô ngô
martić martić
ahuntsic ahuntsic
heisler heisler
danubio danubio
seguso seguso
sittard sittard
coopératifs coopératifs
radzyń radzyń
transgéniques transgéniques
rabo rabo
békés békés
mobygames mobygames
lindisfarne lindisfarne
remodelé remodelé
đồng đồng
koukalová koukalová
terpstra terpstra
viipuri viipuri
melton melton
hôtesses hôtesses
broyé broyé
gaitán gaitán
thunderdome thunderdome
énumérer énumérer
bubo bubo
slattery slattery
kwong kwong
middletown middletown
wesolowska wesolowska
emelec emelec
rocchi rocchi
rouff rouff
maalouf maalouf
raccordée raccordée
etta etta
lamarr lamarr
nereis nereis
poir poir
blanchette blanchette
gouttières gouttières
valea valea
sjöström sjöström
purdy purdy
hégémonique hégémonique
valentín valentín
smollett smollett
cancún cancún
castañeda castañeda
missolonghi missolonghi
panatta panatta
ombra ombra
vissel vissel
yakima yakima
shinano shinano
naturgeschichte naturgeschichte
ramillies ramillies
offensé offensé
avron avron
expérimentées expérimentées
abgar abgar
saturniidae saturniidae
pérignon pérignon
divulgué divulgué
realgm realgm
tazio tazio
kranz kranz
rosson rosson
klöden klöden
hanlon hanlon
pickens pickens
bever bever
bornemisza bornemisza
hâter hâter
frýdek frýdek
tibesti tibesti
voo voo
donohue donohue
atelopus atelopus
agréments agréments
coleraine coleraine
ankaragücü ankaragücü
ausf ausf
bassus bassus
negi negi
riparia riparia
sadiki sadiki
kühn kühn
lunga lunga
graetz graetz
méthionine méthionine
schistura schistura
lisandro lisandro
tindouf tindouf
třinec třinec
spottiswoode spottiswoode
biodégradables biodégradables
civilité civilité
mariotte mariotte
nagato nagato
incontestée incontestée
pénalisation pénalisation
winkle winkle
szombathely szombathely
istro istro
châle châle
coït coït
volapük volapük
boulgou boulgou
pernet pernet
draveurs draveurs
piraté piraté
rogell rogell
merrie merrie