cons cons
pragmatic pragmatische
pragmatic pragmatischen
mathematically mathematisch
fung fung
whitfield whitfield
gino gino
gabriela gabriela
enzo enzo
madeline madeline
camilla camilla
piles piles
agitation agitation
waverley waverley
hasidic hasidic
asians asians
screams schreie
screams kreischt
niles niles
babel babel
horowitz horowitz
philosophies philosophien
philosophies lebensphilosophien
finley finley
tod tod
yaroslavl yaroslavl
tula tula
furnishings möbeln
furnishings mobiliar
bypassed bypassed
misrepresentation misrepresentation
mantra mantra
gangsta gangsta
fray fray
sober sober
phnom phnom
sugarcane zuckerrohr
sugarcane zuckerrohrs
appliance appliance
gamecube gamecube
columnists columnists
palladium palladium
movable movable
embryonic embryonalen
stratton stratton
sidi sidi
martino martino
ramat ramat
jacinto jacinto
fitch fitch
romanticism romantik
romanticism romantizismus
kari kari
wreath kranz
cagliari cagliari
bela bela
deprivation deprivation
priestley priestley
openness offenheit
offshoot offshoot
carrera carrera
accelerating beschleunigenden
accelerating beschleunigende
gillette gillette
boosted boosted
britons britons
blount blount
lucian lucian
accustomed gewöhnt
accustomed gewöhnte
yee yee
magneto magneto
shakti shakti
retract retract
publicist publicist
downloading heruntergeladenen
downloading heruntergeladene
juliana juliana
britton britton
dreyfus dreyfus
behaving behaving
galleria galleria
scooter scooter
gecko gecko
subaru subaru
mcculloch mcculloch
andromeda andromeda
wick wick
graphite graphite
intergovernmental intergovernmental
esquire esquire
eriksson eriksson
bitten gebissen
darfur darfur
darfur westsudanesischen
dole dole
prosecute prosecute
drexel drexel
bess bess
lowercase lowercase
obelisk obelisk
rtl rtl
gabriele gabriele
geffen geffen
primal primal
litres liter
litres litern
forage forage
cheerful cheerful
millet millet
behaved behaved
fawcett fawcett
bhp bhp
architectures architekturen
architectures rechnerarchitekturen
piety frömmigkeit
ananda ananda
playlist playlist
niall niall
junkers junkers
protons protonen
protons elektronen
uneasy uneasy
murad murad
gangsters gangsterbanden
gangsters mafiosi
canine canine
rockland rockland
bianchi bianchi
scarcity knappheit
scarcity verknappung
plummer plummer
treatises abhandlungen
treatises traktate
hajj hadsch
matchday matchday
wittenberg wittenberg
cried schrie
cried schluchzte
goliath goliath
goliath goliaths
ibis ibis
sarcasm sarkasmus
mekong mekong
levied entrichten
hegemony hegemonie
hegemony hegemonialen
omer omer
drank tranken
drank trank
sheehan sheehan
lagrange lagrange
formulate formulieren
formulate erarbeiten
chechnya tschetschenien
chechnya tschetscheniens
ezekiel jesaja
ezekiel hesekiel
gaspar gaspar
columba columba
segal segal
landis landis
serotonin serotonin
serotonin gehirnstoffwechsel
sus sus
ammonium ammoniumnitrat
curators kuratoren
curators museumsdirektoren
transitive transitive
contour contour
equip befähigen
equip befähige
decisively decisively
unjustified ungerechtfertigterweise
unjustified ungerechtfertigt
keegan keegan
concave konkave
concave wölbung
immanuel immanuel
cale cale
workman workman
recurrence recurrence
xxxx xxxx
nadine nadine
aceh aceh
aceh acehs
foes widersachern
foes feinde
cooperated zusammenarbeiteten
cooperated kooperierten
conduit conduit
ruskin ruskin
errol errol
luminosity leuchtkraft
robo robo
disgusted empört
jie jie
goodnight goodnight
paley paley
leela leela
sharjah sharjah
interfered interfered
sakai sakai
sander sander
preventative vorbeugende
preventative vorbeugemaßnahmen
carts carts
mansur mansur
druze druze
thorns dornen
skeptics skeptics
choreographers choreographen
audible hörbare
audible hörbar
tuttle tuttle
adriano adriano
tonkin tonkin
wand zauberstab
desai desai
battered battered
nicol nicol
kip kip
chernobyl tschernobyl
chernobyl tschernobyl-katastrophe
gunther gunther
paulus paulus
faraday faraday
dictates dictates
hindenburg hindenburg
grotesque groteske
grotesque grotesken
delia delia
wallpaper wallpaper
sikorsky sikorsky
kline kline
harden harden
rennie rennie
condominium condominium
trentino trentino
hamad hamad
sucker sucker
obi obi
ayres ayres
upkeep upkeep
montessori montessori
bolivar bolivar
pitts pitts
digger digger
garnet garnet
interrogated verhört
hikers hikers
serpentine serpentine
purged purged
necropolis necropolis
firefighter feuerwehrmann
colossus colossus
assay assay
intangible immaterielle
intangible immaterielles
niki niki
electrostatic elektrostatischen
electrostatic elektrostatische
prudent prudent
gpa gpa
triumphant triumphale
triumphant triumphalen
refine refine
contractions contractions
kershaw kershaw
anthrax anthrax
anthrax milzbranderreger
interpreters dolmetschern
interpreters dolmetscher
rubinstein rubinstein
multiplex multiplex
weave weave
kiki kiki
robby robby
ounce ounce
hopelessly hoffnungslos
hopelessly heillos
equate equate
marr marr
bint bint
samuels samuels
rosetta rosetta
thesaurus thesaurus
kaya kaya
valour tapferkeit
flocks flocks
carnage gemetzel
leif leif
headaches kopfschmerzen
tot tot
permutation permutation
suzy suzy
unison unison
rem rem
zeno zeno
guessed guessed
arabi arabi
zine zine
staffing personalausstattung
staffing personalbedarf
authoring autorensystem
authoring autorensysteme
xyz xyz
maoist maoistischen
maoist maoistische
uda uda
carbine carbine
skype skype
hogarth hogarth
clowns clowns
swe swe
sacraments sakramente
sacraments sakramenten
mihai mihai
subtly subtly
willi willi
armaments rüstungsproduktion
armaments rüstungsgüter
herbaceous stauden
herbaceous staudenbeet
uncontrolled unkontrollierte
uncontrolled unkontrollierten
staring staring
taranto taranto
kansai kansai
lawmakers lawmakers
tessa tessa
stickers aufklebern
stickers aufkleber
esprit esprit
shlomo shlomo
enlarge enlarge
praia praia
haste eile
eradicate bekämpfen
vitamins vitamine
vitamins vitaminen
ostrava ostrava
lonsdale lonsdale
mcdonough mcdonough
steeple steeple
lawless lawless
salas salas
afrika afrika
santi santi
frasier frasier
doge doge
csu csu
molotov molotov
dividends dividends
sanctuaries sanctuaries
esposito esposito
jeannie jeannie
competency competency
cauldron cauldron
shostakovich schostakowitschs
shostakovich schostakowitsch
alphabets alphabets
freshly freshly
degeneration degeneration
eusebius eusebius
arco arco
womb mutterleib
womb mutterleibe
yevgeny yevgeny
pascoe pascoe
bianco bianco
bader bader
parable gleichnis
svp svp
mian mian
dodson dodson
naturalistic naturalistischen
naturalistic naturalistische
plunkett plunkett
mah mah
sexist sexistisch
sexist sexistische
langston langston
nicotine nikotin
nicotine nikotins
shinji shinji
strut strut
prerogative prerogative
janusz janusz
agm jahreshauptversammlung
agm mitgliederversammlung
asc asc
swifts swifts
lovett lovett
decorating decorating
pocahontas pocahontas
kippur kippur
kippur jom
espinosa espinosa
marcy marcy
manche manche
zeeland zeeland
hough hough
bakshi bakshi
footpaths radwege
footpaths radwegen
celts kelten
celts germanen
dismissive dismissive
jackal jackal
pastel pastellfarben
pastel aquarellfarben
toshiba toshiba
ces ces
ekaterina ekaterina
ashcroft ashcroft
phu phu
miao miao
diabetic diabetischen
diabetic diabetischer
gilliam gilliam
beowulf beowulf
heinlein heinlein
proactive proactive
jolie jolie
democratically demokratisch
fanbase fangemeinde
fanbase fanbasis
lagoons süßwasserseen
nez nez
dekker dekker
rainwater regenwasser
rainwater regenwassers
resumption wiederaufnahme
enforcer enforcer
gazelle gazelle
hallows hallows
cuff cuff
shaftesbury shaftesbury
mircea mircea
nationalized verstaatlichten
nationalized verstaatlichte
manifests manifestiert
congressmen kongreßabgeordneten
congressmen kongreßabgeordnete
hashimoto hashimoto
muni muni
discouraging discouraging
archimedes archimedes
ahmadinejad ahmadinejad
pinot merlot
pinot cabernet-sauvignon
grids grids
shriver shriver
valet valet
rua rua
rocca rocca
denominator denominator
mahmood mahmood
cpl cpl
pcc pcc
schiff schiff
rectify beheben
peso peso
alleles alleles
spoilers spoilers
decimated dezimiert
decimated dezimierten
warlock warlock
actuality actuality
artois artois
circulate circulate
maimonides maimonides
vistula vistula
benetton benetton
overruled overruled
braddock braddock
forwarding forwarding
scania scania
krupp krupp
mots mots
bessarabia bessarabien
shakes shakes
dredging dredging
nominative nominative
randi randi
fsv fsv
triptych triptychon
triptych bilderzyklus
vases vasen
hae hae
cheerleader cheerleader
valenzuela valenzuela
maddie maddie
presse presse
carina carina
baal baal
desi desi
bhakti bhakti
padova padova
stressing stressing
sterilization sterilisierung
sterilization sterilisation
apparition apparition
luang luang
liters liters
diaphragm diaphragm
paddock paddock
mckinnon mckinnon
alva alva
strapped geschnallt
strapped umgeschnallt
nyse nyse
precede precede
formalism formalismus
spoils spoils
europaea europaea
brow brow
kowalski kowalski
cocoon cocoon
smt smt
jacobus jacobus
ats ats
mendocino mendocino
nuncio nuntius
grin grin
arrondissements arrondissements
circumstantial circumstantial
rik rik
gatwick flughafen
reloaded reloaded
gurus gurus
langton langton
tem tem
deathbed sterbebett
cantonal cantonal
setlist setlist
smack smack
symbolized symbolisierte
symbolized symbolisiert
gibberish gibberish
shockwave shockwave
angelic angelic
ciel ciel
inhalation eingeatmeten
inhalation eingeatmet
brasileira brasileira
chak chak
martine martine
christos christos
passionately leidenschaftlich
badr badr
almagro almagro
illogical illogical
retarded retarded
asynchronous asynchrone
asynchronous asynchroner
injections injektionen
daybreak daybreak
nigra nigra
harwich harwich
huerta huerta
pave pave
haha *lol*
haha hehe
ghostbusters ghostbusters
buda buda
zaman zaman
entrant entrant
peebles peebles
paloma paloma
moll moll
kreuz kreuz
copious copious
ahern ahern
xander xander
metallurgical metallurgischen
metallurgical metallurgische
nutcracker nutcracker
schulze schulze
berthold berthold
kearny kearny
visualize visualisieren
galleys galleys
yakovlev yakovlev
simulators simulatoren
simulators simulator
kula kula
albatros albatros
afa afa
davos davos
caesars caesars
grammars grammars
ascoli ascoli
evangelists evangelists
germaine germaine
reba reba
stetson stetson
confessing confessing
reshuffle kabinettsumbildung
polyhedron polyhedron
fille fille
belgians belgiern
belgians franzosen
schaumburg schaumburg
lindgren lindgren
nuno nuno
excesses excesses
nuova nuova
vapour wasserdampf
vapour wasserdampfes
veritas veritas
motherland motherland
dello dello
ayutthaya ayutthaya
adheres adheres
bau bau
mariam mariam
busted busted
philately philately
kristine kristine
korda korda
ogilvie ogilvie
monogatari monogatari
culminates culminates
lajos lajos
regio regio
maier maier
freitas freitas
aleksey aleksey
cornwell cornwell
cmos cmos
ect ect
spiro spiro
suspensions suspensions
kwang kwang
shameless shameless
cheapest billigste
cheapest billigsten
guarani guarani
sprites sprites
bristow bristow
dela dela
flawless makellos
krypton krypton
aust aust
borland borland
disconnect disconnect
spezia spezia
merck merck
bischoff bischoff
lookup lookup
marchand marchand
lillehammer lillehammer
wellcome krupp-stiftung
wellcome max-planck-gesellschaft
neurologist neurologe
neurologist neurologen
exegesis exegese
exegesis exegetische
dodgy dodgy
splendor splendor
bedding bedding
risc risc
gingrich gingrich
orozco orozco
orenburg orenburg
kharkov kharkov
bypasses bypasses
berkley berkley
ato ato
yaakov yaakov
shotguns schusswaffen
andrej andrej
nid nid
costas costas
pharmacological pharmakologische
pharmacological pharmakologischer
arduous beschwerliche
arduous mühsamen
lista lista
huns huns
immaterial immaterial
thaksin thaksin
ruud ruud
boas boas
integrative integrative
kilpatrick kilpatrick
halliwell halliwell
satisfactorily satisfactorily
neutralize neutralisieren
moya moya
opengl opengl
lem lem
rtv rtv
narcissus narcissus
griffins griffins
nederlandse nederlandse
planks planks
humbert humbert
beckman beckman
plateaus plateaus
pumas pumas
pdr pdr
wbo wbo
extrasolar extrasolaren
extrasolar extrasolare
psalter psalter
hitomi hitomi
stillman stillman
prada prada
digitised digitalisiert
digitised digitalisierte
presto presto
hairstyle frisur
hairstyle frisuren
goggles goggles
daewoo daewoo
ecb ecb
tcm tcm
discharging discharging
exhumed exhumed
cps cps
stockwell stockwell
timetables fahrpläne
timetables busfahrpläne
proletariat proletariats
proletariat proletariat
christa christa
cochabamba cochabamba
swaps swaps
gaffney gaffney
coelho coelho
bronzes bronzen
reciprocating reciprocating
pylon pylon
heber heber
upanishads upanishads
remission remission
carrion carrion
communicative kommunikativen
communicative kommunikative
machining machining
calorie kalorien-
calorie kalorienzahl
shredder shredder
git git
synchronised synchronised
heathen heiden
caramel vanille-
clemency clemency
benigno benigno
inseparable untrennbare
multivariate multivariate
multivariate multivariater
fondly fondly
witte witte
conversational conversational
remuneration vorstandsvergütung
remuneration tätigkeitsvergütung
sokolov sokolov
novell novell
biel biel
arie arie
philippi philippi
andros andros
pca pca
tsarist zaristischen
tsarist zaristische
tendered tendered
finalised finalised
gabor gabor
nlp nlp
mooring mooring
ncl ncl
zeitgeist zeitgeist
velasquez velasquez
farber farber
czechoslovakian czechoslovakian
hairdresser friseur
hairdresser frisör
twitch twitch
shimbun shimbun
contemplative kontemplative
contemplative kontemplativ
godmother godmother
circled circled
luster luster
xenia xenia
gozo gozo
nikolaos nikolaos
desertion desertion
unido unido
scheming intriganten
scheming intrigante
dammed dammed
vulgate vulgata
peacemaker peacemaker
quantified quantifiziert
quantified quantifizierten
oper oper
alasdair alasdair
figurehead figurehead
aoyama aoyama
widths widths
strom strom
bde bde
epicenter epicenter
manet manet
ugh ugh
belgique belgique
tatyana tatyana
durante durante
kath kath
focke focke
nimbus nimbus
megumi megumi
biarritz biarritz
geeks geeks
stinger stinger
pfalz pfalz
xhosa xhosa
tripping tripping
geforce geforce
uthman uthman
drenthe drenthe
inquisitor großinquisitor
inquisitor großinquisitors
insurer versicherer
insurer versicherungsgesellschaft
perceptible wahrnehmbare
perceptible wahrnehmbaren
raytheon raytheon
cauca cauca
deadlines deadlines
barrichello barrichello
montauk montauk
huckleberry huckleberry
ribera ribera
deville deville
bystanders unbeteiligte
bystanders unbeteiligten
bletchley bletchley
cowen cowen
vercelli vercelli
baudelaire baudelaires
balustrade balustrade
ctc ctc
byproduct nebenprodukt
unskilled ungelernten
unskilled ungelernte
scams scams
petrovich petrovich
kendo kendo
stoic stoische
stoic stoischen
gori gori
unprofessional unprofessionelle
unprofessional unprofessionellen
inflection inflection
arnie arnie
xiong xiong
smelling riechenden
smelling riechend
apprehend apprehend
joyous freudigen
joyous freudige
glycine glycine
fjords fjorde
fjords fjorden
uic uic
sleigh sleigh
pape pape
transcendence transzendenz
transcendence transzendierung
glade glade
inventories inventories
eisenstein eisensteins
eisenstein eisenstein
komi komi
vander vander
cession cession
galvin galvin
ansbach ansbach
cristobal cristobal
worsen verschlimmern
worsen verschlechtern
pusan pusan
rupp rupp
carnation carnation
thad thad
counteroffensive counteroffensive
weyl weyl
minton minton
wildflowers wildblumen
prospero prospero
adapters adaptern
adapters steckkarten
channeled channeled
miri miri
groovy groovy
anatole anatole
ryszard ryszard
ammonites ammonites
moderates moderates
pratchett pratchett
minima minima
sihanouk sihanouk
escola escola
lita lita
alstom alstom
mrc mrc
yuko yuko
brevis brevis
nakayama nakayama
faris faris
unholy unheilige
wittelsbach wittelsbach
adl adl
knud knud
rerun rerun
zigzag zigzag
ichiro ichiro
menagerie menagerie
interwoven verwoben
interwoven verwobene
mev mev
haganah haganah
haganah hagana
laziness faulheit
malpractice malpractice
amidships backbordseite
farkas farkas
evasive evasive
compulsion compulsion
ncos unteroffizieren
ncos unteroffiziere
yousef yousef
sophocles euripides
sophocles sophokles
montparnasse montparnasse
leiria leiria
stasi stasi
jagiellonian jagiellonian
graff graff
standardisation standardisierung
standardisation vereinheitlichung
conga conga
lum lum
dolph dolph
nimoy nimoy
ferraris ferraris
megawatt megawatt
ballistics ballistik
watercourse watercourse
neuroscientist neurowissenschaftler
neuroscientist neurobiologe
picts picts
bola bola
frenchmen franzosen
outgrowth outgrowth
pacifists pazifisten
pacifists pazifistinnen
fogarty fogarty
marl marl
enquiries enquiries
hondo hondo
giraud giraud
ilona ilona
leonards leonards
crass crass
effendi effendi
islas islas
lazare lazare
aurelia aurelia
chronically chronically
cavanaugh cavanaugh
hasta hasta
sma sma
gallia gallia
malfunctioning fehlfunktion
malfunctioning fehlfunktionen
berge berge
dory dory
luxor luxor
sano sano
coutts coutts
cerebellum kleinhirn
cerebellum hirnrinde
crediting crediting
polaroid polaroid
isotropic isotropic
sherpa sherpa
branca branca
chulalongkorn chulalongkorn
stoller stoller
toshio toshio
manitou manitou
trincomalee trincomalee
farouk farouk
riau riau
snorri snorri
seger seger
gwh gwh
mladen mladen
inhaled inhalierten
inhaled eingeatmet
drucker drucker
infantile infantile
oars oars
kamp kamp
whitefield whitefield
spandau spandau
isolde isolde
vouchers gutscheine
vouchers gutscheinen
syringe spritze
roms roms
sadc sadc
virulent bazillus
riker riker
zacharias zacharias
alphonso alphonso
malmesbury malmesbury
lacan lacan
lacan lacans
perrault perrault
bendix bendix
candelaria candelaria
workspace workspace
crystallization crystallization
factoring factoring
tid tid
mariko mariko
sfc sfc
ravines schluchten
ravines felswände
camouflaged camouflaged
keele johannes-gutenberg-universität
keele wilhelms-universität
tremolo bassdrum
malick malick
acetone acetone
bassano bassano
recherches recherches
fiqh fiqh
hailey hailey
neutralized neutralized
impure impure
hasselt hasselt
jenni jenni
handicraft handicraft
elen elen
impassioned impassioned
parabola parabola
matterhorn matterhorn
watertight watertight
lipa lipa
jebel jebel
pettigrew pettigrew
reachable reachable
musculoskeletal wirbelsäulenerkrankungen
musculoskeletal rückenerkrankungen
lurie lurie
aldous aldous
lidia lidia
blouse bluse
blouse hemd
unflattering unflattering
lire lire
fergie fergie
seconda seconda
karolina karolina
esau esau
wessel wessel
pth pth
montt montt
pix pix
exacting exacting
bushfires bushfires
ulu ulu
zhan zhan
soca soca
fifi fifi
trickery trickery
pitfalls fallstricke
pitfalls fallstricken
dreamland dreamland
tema tema
woodwinds holzbläser
woodwinds blechbläser
tseng tseng
dasa dasa
arica arica
synchronize synchronize
scarring narbenbildung
scarring vernarbungen
juha juha
columbo columbo
chagall chagall
inverter wechselrichter
glut glut
suter suter
booting booting
brauer brauer
sanctus sanctus
papaya papaya
axelrod axelrod
cae cae
sorin sorin
serviceable serviceable
venizelos venizelos
carcinogenic krebserregend
carcinogenic krebserregender
gente gente
ostia ostia
maxie maxie
fart fart
pec pec
panoramas panoramen
panoramas panoramabilder
caster caster
waive waive
pina pina
hoshi hoshi
punctured punctured
bidders bidders
quds quds
narcissism narzißmus
belafonte belafonte
koster koster
fondo fondo
jaques jaques
ambrosia ambrosia
firework feuerwerk
merengue merengue
adored liebte
adored liebten
energized energized
cetinje cetinje
predrag predrag
joiner joiner
redefining redefining
breathless atemlos
screamed schrie
screamed kreischte
constructivist konstruktivistischen
constructivist konstruktivistisch
bimbo bimbo
remodel remodel
viareggio viareggio
oli oli
slowdown konjunkturerholung
slowdown konjunkturabschwung
estonians estonians
stratocaster stratocaster
flammarion flammarion
resold weiterverkauft
steppenwolf steppenwolf
tua tua
aeon aeon
callas callas
tryptophan tryptophan
rien rien
wilhelmine wilhelmine
aor aor
dhl dhl
admiring bewundernden
admiring bewundernde
maggio maggio
cdi cdi
westlife westlife
poi poi
spengler spengler
collette collette
summarises summarises
gauche gauche
nau nau
titania titania
calliope calliope
sedative schmerzstillend
sedative beruhigungsmittel
kamara kamara
stings stings
zulia zulia
doorman doorman
paterno paterno
kamran kamran
hams hams
dictatorships diktaturen
dictatorships militärdiktaturen
poppies poppies
hilversum hilversum
meads meads
berisha berisha
agata agata
conakry conakry
sunnah sunna
sunnah sunnah
titling titling
wheelchairs rollstühle
wheelchairs rollstühlen
shrinkage shrinkage
carreras carreras
stieglitz stieglitz
tuc dgb
tuc dgb-bundesvorstand
lucent lucent
weisman weisman
arana arana
gamla gamla
szabo szabo
reassured reassured
seppi seppi
culprits culprits
nott nott
marinas yachthäfen
marinas sportboothäfen
mages mages
koren koren
homesick heimweh
pinheiro pinheiro
drowns ertrinkt
ojo ojo
arriba arriba
prerequisites prerequisites
luba luba
dede dede
timm timm
lage lage
ustinov ustinov
virulence resistenz
aral aral
neeson neeson
stansfield stansfield
tosa tosa
ilia ilia
somoza somoza
stradivarius stradivarius
ens ens
mothership mothership
erbil erbil
lengua lengua
amalfi amalfi
heligoland heligoland
bobbi bobbi
copyleft copyleft
hsing hsing
bez bez
insanely insanely
unsupervised unsupervised
thermally thermally
bim bim
faqs faqs
faqs faq
kurz kurz
ratner ratner
partenkirchen partenkirchen
lene lene
karaman karaman
meagre kärglichen
meagre kärgliche
tauris tauris
silveira silveira
shania shania
merckx merckx
albus albus
nostradamus nostradamus
vcr videorecorder
vcr videorekorder
ssg ssg
psm psm
imd imd
joffre joffre
troubadours troubadoure
troubadours troubadours
minarets minarette
minarets minaretten
diouf diouf
kasumi kasumi
mulla mulla
lombardia lombardia
guinevere guinevere
authoritarianism autoritarismus
authoritarianism autoritäre
crawled crawled
summerhill summerhill
rafaela rafaela
cuore cuore
attainable attainable
mayen mayen
youngs youngs
romy romy
mdr mdr
peppered peppered
sisi sisi
selfishness egoismus
selfishness selbstsucht
makkah hadsch
natur natur
asta asta
falaise falaise
antwerpen antwerpen
stoppard stoppard
metis metis
renan renan
mcginn mcginn
crumbled zerbröckelte
crumbled zerbröckelt
malaga malaga
painless painless
anthers anthers
grete grete
poder poder
homogenous homogen
homogenous homogene
communis communis
minuet minuet
suvs suvs
murmur murmur
quatro quatro
oswaldo oswaldo
brca brca
storyboards storyboards
storyboards storyboard
amata amata
doro doro
wyclef wyclef
malheur malheur
aage aage
olympiastadion olympiastadion
printemps printemps
telephoned telefonierte
telephoned anrief
guarda guarda
gabler gabler
hipper hipper
knin knin
hypo hypo
elster elster
klitschko klitschko
thetis thetis
sperling sperling
mandelbrot mandelbrot
seaports seehäfen
seaports häfen
bellona bellona
bic bic
hasidim hasidim
manfredi manfredi
fuqua fuqua
retour retour
wilbert wilbert
buckshot buckshot
pascale pascale
tami tami
bangui bangui
texting texting
iai iai
nobile nobile
sak sak
viol viol
deadlocked deadlocked
salis salis
nigga nigga
rpc rpc
fakir fakir
rosemarie rosemarie
uzi uzi
pasa pasa
linea linea
kogan kogan
masako masako
neuer neuer
camorra camorra
tullio tullio
alleviation alleviation
tertullian tertullian
ullrich ullrich
zanuck zanuck
neoclassicism neoklassizismus
neoclassicism klassizismus
recklessly recklessly
lelouch lelouch
monogamy monogamie
omens omens
threes threes
bronfman bronfman
carolus carolus
switchboard switchboard
lsa lsa
lavoisier lavoisier
aalen aalen
capa capa
nyon nyon
tailgate heckklappe
tailgate kofferraumdeckel
mov mov
theresia theresia
tomic tomic
documenta documenta
proofreading proofreading
electrocuted electrocuted
fpga fpga
hipster hipster
doan doan
hardcastle hardcastle
eod eod
hanne hanne
smits smits
clotilde clotilde
sternum schlüsselbein
sternum brustkorb
mell mell
suspends suspends
scriabin scriabin
ludendorff ludendorff
sandburg sandburg
bgm bgm
florist florist
schaller schaller
ahram ahram
laa laa
stn stn
lamprey lamprey
pizzeria pizzeria
kufa kufa
oyama oyama
hydraulically hydraulisch
hydraulically hydraulischen
jinn jinn
ager ager
resp resp
uninhabitable unbewohnbar
uninhabitable bewohnbar
hauer hauer
palenque palenque
pluralistic pluralistischen
pluralistic pluralistischer
popstars popstars
lundin lundin
passos passos
kenzo kenzo
misappropriation misappropriation
macerata macerata
amores amores
joinery tischlerei
joinery tischlerarbeiten
olmert scharon
olmert scharons
bms bms
tanabe tanabe
protectionism protektionismus
underlines unterstreicht
groundhog groundhog
pisano pisano
montag montag
npd npd
avoidable vermeidbaren
avoidable vermeidbare
gratis gratis
superconductors supraleitern
superconductors supraleitung
sacrum sacrum
fixated fixated
brocade brocade
eyewear eyewear
pompadour pompadour
irritate irritate
myrrh myrrhe
myrrh weihrauch
sunt sunt
alkan alkan
stedelijk stedelijk
connemara connemara
swa swa
buttermilk buttermilk
attilio attilio
paik paik
kirchhoff kirchhoff
transmutation transmutation
karimi karimi
shrill shrill
publica publica
humanitas humanitas
ecce ecce
parmentier parmentier
mcas mcas
stupas stupas
proudhon proudhon
proudhon proudhons
golda golda
btc btc
pindar pindar
standardise vereinheitlichen
standardise standardisieren
badass badass
funnier funnier
rages tobt
pique pique
vocoder vocoder
bott bott
barbs barbs
basilisk basilisk
vivi vivi
fetching fetching
simson simson
klas klas
brisco brisco
myopia myopia
bork bork
llosa llosa
landy landy
nefertiti nofretete
roches roches
clairvaux clairvaux
halla halla
nef nef
steinhardt steinhardt
reinach reinach
wenceslas wenceslas
vit vit
robs robs
villon villon
aub aub
mahabad mahabad
eyal eyal
colliers colliers
kundalini kundalini
bijou bijou
breathes atmet
nomi nomi
teu teu
inka inka
assi assi
amazonia amazonasgebietes
tavernier tavernier
alde alde
usury usury
vips vips
beek beek
dau dau
guilin guilin
rsp rsp
gongs gongs
unease unbehagen
deportees deportees
housework housework
aparicio aparicio
viera viera
martti martti
basalts basalts
henares henares
transversal transversal
barzani talabani
barzani barzani
reciprocate reciprocate
uca uca
tsp tsp
freckles sommersprossen
dendrites dendriten
gianna gianna
smet smet
unbeatable unschlagbare
unbeatable unschlagbaren
spiritus spiritus
hellmuth hellmuth
wartburg wartburg
volterra volterra
liquidate liquidieren
uld uld
yara yara
masaya masaya
numidia numidia
apostol apostol
copyist copyist
smallholders kleinbauern
smallholders kleinbauernfamilien
galatians galater
galatians römerbrief
profitably profitably
curtius curtius
ots ots
uas uas
fru fru
neutralization neutralization
margarethe margarethe
denigrate denigrate
kad kad
transducers transducers
laurentiis laurentiis
yami yami
romina romina
breviary breviary
unctad unctad
classique classique
chewbacca chewbacca
dolittle dolittle
fairlight fairlight
backwaters backwaters
phlox phlox
wickedness bosheit
wickedness schlechtigkeit
laurentius laurentius
kerberos kerberos
temuco temuco
turgut turgut
rattlesnakes rattlesnakes
shitty beschissenen
shitty beschissene
manstein manstein
molitor molitor
yugoslavs yugoslavs
einsatzgruppen einsatzgruppen
kem kem
goodbyes goodbyes
splendens splendens
lts lts
basilicas basiliken
agnelli agnelli
aegina aegina
midlothian midlothian
iptv iptv
cascades cascades
wikiversity wikiversity
bundles bundles
apical apical
chelmsford chelmsford
ordovician ordovician
surprises surprises
entomologist entomologist
tait tait
vorpommern vorpommern
cornwallis cornwallis
enix enix
foreigner foreigner
cooks cooks
fiddler fiddler
harriers harriers
sounders sounders
tripura tripura
trøndelag trøndelag
sinaloa sinaloa
rubén rubén
professed professed
tabriz tabriz
bicentennial bicentennial
monstrous monstrous
duality duality
bushes bushes
vélez vélez
sandhurst sandhurst
palsy palsy
hinckley hinckley
jános jános
harrogate harrogate
schenectady schenectady
weary weary
pitman pitman
indore indore
rumour rumour
carinthia carinthia
niš niš
cambria cambria
hesitation hesitation
narendra narendra
lubusz lubusz
halsey halsey
multan multan
kuo kuo
selwyn selwyn
suwon suwon
almería almería
restitution restitution
dismisses dismisses
porous porous
cmg cmg
tuskegee tuskegee
satb satb
simcoe simcoe
charlestown charlestown
querétaro querétaro
kindle kindle
whittier whittier
poincaré poincaré
ittihad ittihad
chilling chilling
aydın aydın
église église
liquidity liquidity
carmarthen carmarthen
cavities cavities
mchale mchale
viceroyalty viceroyalty
naylor naylor
disgruntled disgruntled
gaseous gaseous
baillie baillie
goodrich goodrich
outweigh outweigh
jervis jervis
deerfield deerfield
caverns caverns
lewisham lewisham
cadbury cadbury
outbuildings outbuildings
gatineau gatineau
loanwords loanwords
daimyo daimyo
seong seong
fenway fenway
seabirds seabirds
hervey hervey
orne orne
strangled strangled
tonbridge tonbridge
apoel apoel
cuomo cuomo
brașov brașov
rarities rarities
badajoz badajoz
kolonia kolonia
pawnee pawnee
hmcs hmcs
herding herding
rainey rainey
roost roost
gurkha gurkha
loring loring
sydenham sydenham
habitual habitual
wandsworth wandsworth
carrollton carrollton
repatriated repatriated
danbury danbury
târgu târgu
rework rework
bhattacharya bhattacharya
llywelyn llywelyn
solihull solihull
abbé abbé
bracelets bracelets
globular globular
militiamen militiamen
railings railings
northridge northridge
brough brough
overgrown overgrown
antiquaries antiquaries
pancreas pancreas
gödel gödel
hydroxyl hydroxyl
snipers snipers
verkhovna verkhovna
piedras piedras
paleocene paleocene
federalists federalists
acetic acetic
cardigan cardigan
zlín zlín
kingman kingman
dissimilar dissimilar
carbonyl carbonyl
sweetness sweetness
adelphi adelphi
grinnell grinnell
jovanović jovanović
jsc jsc
fuzz fuzz
acr acr
mfk mfk
mtdna mtdna
myotis myotis
torrey torrey
acyl acyl
alcalá alcalá
withhold withhold
doon doon
jeon jeon
chrono chrono
cranbrook cranbrook
hardie hardie
mcclain mcclain
ladislaus ladislaus
lundy lundy
antietam antietam
negligent negligent
norrköping norrköping
benítez benítez
malhotra malhotra
sarnia sarnia
carbondale carbondale
makin makin
homomorphism homomorphism
guetta guetta
ulcers ulcers
multiplicative multiplicative
xiongnu xiongnu
glyphs glyphs
sweetwater sweetwater
brinkley brinkley
bhupathi bhupathi
hantuchová hantuchová
beaks beaks
rfu rfu
neely neely
vaslui vaslui
rbc rbc
embody embody
astragalus astragalus
aguascalientes aguascalientes
colfax colfax
kurgan kurgan
humayun humayun
aberdare aberdare
universitatea universitatea
scavenger scavenger
conic conic
stepney stepney
wikify wikify
naoki naoki
tinsley tinsley
brontë brontë
große große
république république
beulah beulah
ganglion ganglion
hammarby hammarby
bradfield bradfield
eurodance eurodance
hsien hsien
prva prva
swenson swenson
teased teased
ruffin ruffin
happiest happiest
amicably amicably
accretion accretion
azusa azusa
meara meara
federación federación
gambian gambian
isbns isbns
sovetov sovetov
skylark skylark
cutie cutie
adıyaman adıyaman
fredrick fredrick
wielkie wielkie
kafelnikov kafelnikov
pelé pelé
handbooks handbooks
haru haru
lockers lockers
čačak čačak
whiteley whiteley
prepositions prepositions
cheong cheong
scythian scythian
aveyron aveyron
kakheti kakheti
matsudaira matsudaira
darwen darwen
overcomes overcomes
soot soot
rowman rowman
subprime subprime
halstead halstead
everard everard
alania alania
whaler whaler
frères frères
snide snide
murrow murrow
onsen onsen
repulsive repulsive
pillsbury pillsbury
mamie mamie
amrita amrita
flashy flashy
hércules hércules
frankford frankford
kingstown kingstown
cav cav
outweighs outweighs
spatially spatially
ovaries ovaries
zuid zuid
argeș argeș
unsaturated unsaturated
disservice disservice
beaconsfield beaconsfield
herzliya herzliya
lilley lilley
fairport fairport
satyajit satyajit
zor zor
mexicali mexicali
pender pender
cherish cherish
aiba aiba
pinckney pinckney
moroder moroder
overjoyed overjoyed
bramble bramble
founds founds
hōjō hōjō
prejudicial prejudicial
overhanging overhanging
stockman stockman
audax audax
prichard prichard
shijiazhuang shijiazhuang
holmenkollen holmenkollen
fittipaldi fittipaldi
undertones undertones
łukasz łukasz
murs murs
raiden raiden
princesa princesa
cirencester cirencester
aeronautica aeronautica
ronne ronne
komodo komodo
sulpice sulpice
tonality tonality
grandin grandin
nonesuch nonesuch
teramo teramo
newby newby
irtysh irtysh
politehnica politehnica
generality generality
saintes saintes
matsuyama matsuyama
carswell carswell
mashup mashup
pagasa pagasa
cormier cormier
cofactor cofactor
udall udall
mikołaj mikołaj
kanto kanto
cañas cañas
biathlete biathlete
máximo máximo
turbofan turbofan
tondo tondo
novikov novikov
bezirksliga bezirksliga
wareham wareham
montauban montauban
inconspicuous inconspicuous
swarms swarms
biltmore biltmore
metropolitano metropolitano
reigate reigate
kumanovo kumanovo
bissell bissell
meeks meeks
aggressiveness aggressiveness
angevin angevin
nalbandian nalbandian
foyt foyt
boac boac
disappoint disappoint
marqués marqués
anzio anzio
carreño carreño
tsukasa tsukasa
thuringian thuringian
hondt hondt
macdonnell macdonnell
nozzles nozzles
gallegos gallegos
maltin maltin
faustino faustino
alor alor
americanus americanus
esgrima esgrima
citrate citrate
schwyz schwyz
čermák čermák
longley longley
saco saco
ceaușescu ceaușescu
waitakere waitakere
predicates predicates
graciously graciously
uzhhorod uzhhorod
juventude juventude
brunet brunet
conformance conformance
etoile etoile
phenyl phenyl
bytom bytom
pierrepont pierrepont
hepworth hepworth
retrofit retrofit
allyson allyson
dubh dubh
reay reay
dandridge dandridge
bullitt bullitt
loka loka
charleville charleville
fragrances fragrances
mansa mansa
educación educación
palliser palliser
ohno ohno
naito naito
aizu aizu
nicolò nicolò
albanese albanese
buttes buttes
waregem waregem
petrescu petrescu
japon japon
rsmc rsmc
pgc pgc
rhaetian rhaetian
urb urb
håkan håkan
metallicity metallicity
nesbit nesbit
supérieur supérieur
rosser rosser
condors condors
américas américas
follette follette
tatsumi tatsumi
gnr gnr
ribeirão ribeirão
fingerprinting fingerprinting
zfc zfc
wallsend wallsend
avoca avoca
nicolet nicolet
kerch kerch
ugric ugric
hori hori
dink dink
nakai nakai
sarma sarma
smokin smokin
glabra glabra
wallin wallin
sittard sittard
barbora barbora
acrocephalus acrocephalus
ciarán ciarán
katsura katsura
parfitt parfitt
hippolytus hippolytus
chebyshev chebyshev
inedible inedible
mhnt mhnt
resetting resetting
cyperus cyperus
sturmbannführer sturmbannführer
eppstein eppstein
eubanks eubanks
autosport autosport
tfs tfs
chapultepec chapultepec
zagros zagros
montalvo montalvo
chí chí
bartoszyce bartoszyce
eötvös eötvös
keke keke
borno borno
hite hite
cheatham cheatham
hibernate hibernate
welf welf
andrija andrija
dumpster dumpster
admira admira
haughty haughty
berton berton
prelature prelature
varner varner
patrese patrese
sisu sisu
strutt strutt
ferruginea ferruginea
odawara odawara
arachnida arachnida
žďár žďár
concierto concierto
motilal motilal
fillers fillers
århus århus
mielec mielec
jabez jabez
hov hov
roadblocks roadblocks
zarzuela zarzuela
calabrese calabrese
sanat sanat
herpetologist herpetologist
companhia companhia
jerrold jerrold
creston creston
småland småland
mouscron mouscron
landi landi
thalberg thalberg
zastava zastava
icarly icarly
brianza brianza
odenwald odenwald
listy listy
callender callender
oun oun
dismemberment dismemberment
vrije vrije
saku saku
shirai shirai
kasem kasem
beals beals
fracking fracking
variegata variegata
istres istres
böhme böhme
zamoyski zamoyski
rondônia rondônia
européenne européenne
fada fada
celaya celaya
barcelos barcelos
eggleston eggleston
yokota yokota
ádám ádám
borbón borbón
uusimaa uusimaa
cristoforo cristoforo
şahin şahin
grandnephew grandnephew
arcturus arcturus
hosseini hosseini
mutsu mutsu
billancourt billancourt
amérique amérique
thammarat thammarat
esparza esparza
kord kord
cognomen cognomen
vtol vtol
goulart goulart
dominika dominika
kawakami kawakami
nyíregyháza nyíregyháza
redness redness
moniz moniz
malatya malatya
frère frère
primorje primorje
lushan lushan
molnár molnár
pozzi pozzi
amphora amphora
catena catena
scipione scipione
breck breck
benefices benefices
diptych diptych
takasaki takasaki
alexandrina alexandrina
ivrea ivrea
sultanates sultanates
plp plp
donja donja
