autonomen autonomous
arbeitsgemeinschaft arbeitsgemeinschaft
befreiung liberation
fellow fellow
gerufen gerufen
gulden shillings
gulden merks
gulden 10s.
vorgang vorgang
vorsitz chairmanship
vorsitz chaired
vorsitz chairmanships
barock baroque
barock gothic
echten echten
verwandte verwandte
unbekannte unbekannte
angewendet applied
rue rue
saal auditorium
ronald ronald
negative negative
nachts nightime
lasse lasse
fische fish
fische fishes
fische eels
kleidung clothing
kleidung clothes
kleidung clothing.
erlaubnis permission
wen wen
scharf scharf
kelly kelly
audio audio
etablierte well-established
kaliningrad kaliningrad
strategie strategy
strategie strategy-
einheimischen locals
gruyter gruyter
quer across
emma emma
maine maine
epoche mid-twentieth-century
epoche late-twentieth-century
epoche epoch
eintragen register
berechnet calculated
berechnet precalculated
berechnet recalculated
leinwand leinwand
vorhaben vorhaben
funktionieren funktionieren
bedeutend considerably
ankunft arrival
ankunft arriving
ankunft departure
hauptsitz headquartered
hauptsitz headquarter
hauptsitz headquarters
kaiserreich kaiserreich
marokko morocco
marokko tunisia
marokko morocco.
nordischen nordischen
gebeten gebeten
turner turner
clara clara
systemen systems
systemen subsystems
systemen sub-systems
sierra sierra
innenraum exterior
kennedy kennedy
karin linda
karin christine
karin angela
camp camp
campbell campbell
vermehrt vermehrt
japanisch mandarin
talent talent
talent talents
nummern nummern
thompson thompson
dichtung dichtung
decken decken
tafel tafel
planck planck
sportarten sportarten
obergeschoss first-floor
obergeschoss galleried
obergeschoss ground-floor
aufzeichnungen aufzeichnungen
forst forst
bks bks
invasion invasion
invasion invasion.
invasion invading
julian julian
hard hard
schwanz tail
schwanz beak
schwanz tails
barry barry
unterfamilie unterfamilie
metz metz
alkohol alcohol
alkohol alchohol
alkohol alcohol.
trasse trasse
produzieren produce
produzieren producing
vorwort foreword
vorwort preface
vorwort forewords
mexico mexico
mexico albuquerque
mexico los
ethnischen ethnic
ethnischen ethnical
ethnischen ethno-religious
breiter breiter
udo udo
comedy comedy
irischen irischen
murray murray
geschmack taste
geschmack tastes
geschmack taste.
beratung advice
portrait portrait
vermitteln vermitteln
helene edith
relief relief
syn syn
leonard leonard
phoenix phoenix
eisenach eisenach
agentur agency
slowenien slovenia
slowenien slovakia
slowenien croatia
hawaii hawaii
gelassen gelassen
anpassung anpassung
kostenlos free-of-charge
kostenlos free
anwesenheit anwesenheit
rotterdam rotterdam
rotterdam bremen
haute haute
gleise roadway
gleise sidings
gleise overbridges
dessau dessau
verwundet wounded
verwundet mortally
verwundet wounder
betreuung supervision
objektiv objectively
sergei sergei
schreibe schreibe
gerichtet gerichtet
bezahlt paid
bezahlt pay
bezahlt paying
bobby bobby
individuelle individual
individuelle individualised
fair fair
indonesien indonesia
indonesien indonesia.
indonesien philippines
entdecken discover
entdecken discovering
entdecken explore
lit lit
handwerk handwerk
most most
modellen models
turnieren tournaments
krakau cracow
krakau krakow
monats month
hut hat
hills hills
oberstleutnant brigadier
oberstleutnant lt.
oberstleutnant sgt.
drum drum
hugh hugh
glatt glatt
erwerb acquiring
erwerb acquisition
bittet bittet
erlauben allow
ausgegangen ausgegangen
gescheitert failed
reifen reifen
komitee komitee
dimension dimension
marion barbara
marion jackie
marion denise
germanischen germanic
germanischen anglo-saxons
germanischen anglo-saxon
abbruch abbruch
verarbeitung processing
five five
raf raf
massiven massiven
anzeigen anzeigen
reformierte reformed
ulrike alison
ulrike gillian
ulrike sarah
angewandt applied
bilanz bilanz
bsg bsg
kosovo kosovo
kosovo bosnia
kosovo kosovo.
einheitlich einheitlich
einbau einbau
malta malta
malta greece
malta cyprus
sitzung meeting
sitzung meeting:-
wohin wohin
nordsee nordsee
abschied farewell
abschied farewells
ngc ngc
silver silver
oberhausen rochdale
oberhausen barnsley
oberhausen walsall
martha jessie
martha betty
martha martha
hunderte hundreds
hunderte dozens
hunderte thousands
angefangen started
orient orient
vorrangig vorrangig
haushalt household
portugiesisch portuguese.
portugiesisch portugues
portugiesisch spanish/portuguese
gastgeber gastgeber
schema schema
keith keith
fis fis
lehrerin teacher
teilchen particles
teilchen protons
teilchen photons
jay jay
massive massive
naval naval
himmelfahrt epiphany
himmelfahrt ascension
himmelfahrt annunciation
regierungen governments
regierungen governments
regierungen governments.
deep deep
metro metro
klage upheld
aufgeben relinquish
aufgeben abandon
kurve kurve
anbieten offer
verwechselt verwechselt
lyriker poet
lyriker poets
heyne heyne
stille stillness
ellen ellen
fell fell
piper piper
kanzler blair
kanzler chancellor
kanzler mandelson
passagen passages
revue revue
true true
greifen greifen
konvention convention
diana diana
handschrift handschrift
eintragung registrable
eintragung re-registration
eintragung registration
substanzen compounds
substanzen substances
substanzen nitrites
ohren ears
ohren ear
bush bush
bush clinton
bush dubya
variiert varies
variiert vary
elias elias
apostel apostles
apostel apostle
apostel apostles.
winkler wilson
winkler collins
winkler paterson
erneuerung renewal
verweise references
verweise cross-references
verweise hyperlinks
anhang appendix
anhang appendices
anhang annexes
naturforscher naturforscher
gesichtet gesichtet
analysen analyses
analysen analysis
holmes holmes
heck heck
stolz proud
stolz proudly
stolz pride
geologe geologist
geologe volcanologist
geologe glaciologist
trek trek
gutenberg gutenberg
haas haas
nfl nfl
albanien albania
albanien macedonia
albanien montenegro
alexandre alexandre
kant locke
kant kant
kant spinoza
erweiterungen extensions
erweiterungen additions
erweiterungen enhancements
adalbert adalbert
landau landau
alb alb
waldemar waldemar
hob hob
winfried winfried
erlassen revoked
zwischenzeit zwischenzeit
einigung einigung
zwickau newport
audi audi
audi bmw
audi mercedes-benz
knight knight
begegnet begegnet
primera primera
montiert fitted
schlag blow
par par
pol pol
augusta augusta
bauch belly
bauch tummy
bauch crotch
apsis apsis
bundesweit nationally
bundesweit uk-wide
bundesweit nationwide
bio bio
abhandlungen treatises
abhandlungen treatise
gasse gasse
erwartungen expectations
erwartungen expectations.
erwartungen expectations.
saar saar
getriebe getriebe
flog flew
ausgetauscht ausgetauscht
mohr mohr
geltenden accordance
geltenden provisions
thriller thriller
thriller thrillers
thriller thriller.
rita angela
rita valerie
rita sandra
trust trust
verwandtschaft verwandtschaft
romeo romeo
scottish scottish
rangers rangers
nachweise nachweise
bewahren preserve
bundesamt bundesamt
territorien territories
territorien territory
sevilla seville
sevilla valencia
sevilla barcelona
brauch brauch
musikalisch musically
musikalisch 11-piece
bausteine bausteine
steinbruch steinbruch
schilling schilling
sandra lisa
sandra zoe
sandra katie
sammler collectors
sammler collector
sammler collector.
rosenheim rosenheim
trinken drink
trinken drinking
trinken drink.
kategorisiert categorized
kategorisiert categorised
kategorisiert categorises
duell showdown
duell duel
geliebte lover
geliebte beloved
geliebte sweetheart
fonds fonds
seven seven
komm comin
elektronen electrons
elektronen protons
elektronen neutrons
doctor doctor
minderheiten minorities
minderheiten minorities.
minderheiten minority
lima lima
lima caracas
buchhandlung bookshop
buchhandlung ottakars
buchhandlung waterstones
mbh mbh
return return
kompetenz competence
kompetenz competence.
kompetenz competences
socke socke
heftigen heftigen
ausbreitung propagation
mittig mittig
fiat fiat
opus opus
adressen adressen
schatz treasure
schatz treasure.
irische irish
gymnasien sixth-form
landsberg landsberg
monatlich monthly
bewiesen demonstrated
giorgio giorgio
clarke clarke
kult cult
variablen variables
variablen variable(s
variablen variable
armenien armenia
armenien macedonia
armenien azerbaijan
absoluten absolute
proteste protests
proteste protest
proteste protests.
thematisch thematically
letzteren latter
muttersprache language
muttersprache mother-tongue
muttersprache native-speaking
beleuchtung lighting
beleuchtung uplighting
beleuchtung downlighting
solothurn solothurn
trocken dry
reporter reporters
reporter reporter
gleichwohl nevertheless
semester semester
semester semesters
semester semester.
move move
verlangte demanded
fiktive fictitious
gunther gunther
vetter vetter
hubschrauber helicopter
hubschrauber helicoptered
hubschrauber helicopters
laz laz
schrittweise phased
fortuna fortuna
meyers meyers
panama panama
panama belize
panama honduras
symphony philharmoniker
symphony symphony
argumentiert argued
argumentiert argues
argumentiert contends
diskriminierung discrimination
diskriminierung discrimination.
diskriminierung discriminations
logisch logically
kasten kasten
ziegler ziegler
kuppel dome
kuppel domes
kuppel domed
sean brad
kammern kammern
namensraum namensraum
intro intro
mechanischen mechanical
mechanischen non-mechanical
mechanischen mechanical
kennzeichnung labelling
kennzeichnung labelling.
inge betty
inge ruth
inge doris
eingesetzte eingesetzte
kompetenzen competences
kompetenzen competencies
banner banner
banner banners
siena siena
siena lucca
siena orvieto
bourbon bourbon
komponente element
komponente component
einsicht einsicht
schwieriger difficult
schwieriger harder
savoyen savoyen
canal canal
bunker bunker
adenauer attlee
oldenbourg oldenbourg
vorstandsvorsitzender ceo
verschollen verschollen
cameron cameron
biographien biographies
biographien biographies.
biographien histories
differenz differenz
diener servant
krim crimea
impulse impulse
sozialdemokraten conservatives
sozialdemokraten democrats
sozialdemokraten tory
siebte fifth
verleiht endows
geschenk gift
geschenk gift.
verurteilung conviction
verurteilung acquittal
verurteilung indictment
moin hi
impact impact
missionen missions
robertson robertson
interpreten composers
interpreten lyricists
elster elster
auftraggeber auftraggeber
clinton clinton
clinton reagan
parish parish
zealand zealand
einwanderer immigrants
einwanderer immigrant
einwanderer immigrants.
kahl kahl
kanzlei kanzlei
benutzername your_username
benutzername username.
benutzername userid
realisierung realisierung
kontrast contrast
kontrast contrasty
karel karel
realismus realism
realismus neorealism
realismus neo-realism
reduktion reduction
reichenbach reichenbach
eduardo alberto
eduardo luis
eduardo jorge
wanderte journeyed
thieme mosby
verhinderte verhinderte
musikwissenschaftler musicologist
musikwissenschaftler musicologists
musikwissenschaftler ethnomusicologist
living living
toledo toledo
dis dis
scholz clarke
scholz osborne
pseudo pseudo
bedeutsam bedeutsam
einheimische einheimische
mittelfeldspieler midfielder
mittelfeldspieler striker
mittelfeldspieler left-back
kronen crowns
prominenten celebrities
profis profis
partido partido
dimensionen dimensions
dimensionen dimension
psychologe psychologist
psychologe psychologist.
psychologe parapsychologist
ried ried
hinterher hinterher
familiennamen surname
familiennamen forenames
familiennamen surnames
hilfsmittel hilfsmittel
scherz scherz
empfehlungen recommendations
empfehlungen guidelines
empfehlungen recommendations.
lie lie
bns bns
columbus columbus
unseres unseres
anspielung alluding
anspielung allusion
bleibe bleibe
russ russ
wartet awaits
wartet arrives
kirchberg kirchberg
verurteilte sentenced
verurteilte convicted
verurteilte arraigned
interstate interstate
ullstein ullstein
gruber forsyth
gruber johnston
gruber mcintyre
sons sons
endpunkt endpunkt
schlaf sleep
toskana toskana
beliebte popular
beliebte ever-popular
import import
import imports
import importing
freiwilliger freiwilliger
lagern lagern
torsten chris
torsten andy
torsten rob
brooks brooks
anglo anglo
lobte praised
lobte congratulated
lobte applauded
verstecken hiding
verstecken hide
elefanten elephants
elefanten elephant
elefanten giraffes
spekulationen speculation
spekulationen speculations
spekulationen speculating
aufarbeitung aufarbeitung
serbische serbian
serbische serb
serbische bosnian
trinidad trinidad
trinidad rico
tempels temple
tempels temple.
alpine alpine
dachverband federation
bevorzugte favoured
bevorzugte preferred
ger ger
examen examen
sbb sbb
radius radius
radius radius.
radius radii
qui qui
originale originals
originale original
originale reproductions
goldmann goldmann
autobahnen motorways
autobahnen motorway
autobahnen motorway.
parma parma
gift poison
senden send
senden sending
katja zoe
katja julie
katja jenny
hauptschule hauptschule
hoffen hope
hoffen hoping
hoffen hopefully
amy amy
lose lose
angelehnt angelehnt
kenny kenny
mauritius mauritius
mauritius dominica
mauritius barbados
absteigen absteigen
davies davies
fluggesellschaften airlines
fluggesellschaften airline
fluggesellschaften airlines.
rassen breeds
schlange snake
zuweilen exasperatingly
virtuelle virtual
virtuelle virtual
mathematisch mathematically
mathematisch algebraically
mathematisch mathematicall
pearl pearl
anita denise
anita karen
anita christine
eyes eyes
wohlhabenden wealthy
wohlhabenden well-to-do
wohlhabenden affluent
schenkung schenkung
sechster sechster
jessica amy
jessica jessica
jessica natalie
deckt deckt
leone leone
leone liberia
bekanntgegeben bekanntgegeben
physiologie physiology
physiologie biochemistry
physiologie anatomy
brest brest
crawford crawford
auslagerung auslagerung
nepal nepal
nepal bhutan
nepal thailand
gitarren guitars
gitarren guitar
gitarren vocals
herzlich herzlich
porter porter
pixel pixels
pixel pixel
pixel 600x600
memphis memphis
codes codes
alfonso alfonso
peak peak
mazedonien macedonia
mazedonien albania
mazedonien bosnia
ssr ssr
giro giro
defa defa
tessin tessin
javier javier
gefolge gefolge
andernfalls andernfalls
absolventen graduates
absolventen post-graduates
absolventen graduate
bytes bytes
escudo escudo
eye eye
stumpf stumpf
statement statement
dawn dawn
zutreffend zutreffend
check check
cox cox
trail trail
bauernhof bauernhof
mechanisch mechanically
mechanisch pneumatically
depression depression
depression depressive
depression depression.
beobachtungsliste beobachtungsliste
gilles michel
entsandt entsandt
klammer klammer
belief amounted
belief totalled
kunstwerk kunstwerk
burkhard burkhard
beheben rectify
akzeptabel acceptable
sing sing
erstaunlich remarkably
erstaunlich surprisingly
erstaunlich astonishingly
heftige heftige
urs urs
ethnische ethnic
ethnische ethnical
ethnische interethnic
stella bella
leeds leeds
core core
posthum posthumously
posthum posthumous
rey rey
beruflich beruflich
moos moos
gruppierung gruppierung
radiosender radio
maximalen maximum
konzession konzession
bagdad baghdad
bagdad baghdad.
bagdad basra
monitor monitor
begrenzung begrenzung
torre torre
ungeachtet notwithstanding
lineare linear
lund lund
canterbury canterbury
spin spin
turbine turbine
georgi georgi
lion lion
modernes modernes
brill brill
estnischer estonian
vikar rector
kill kill
umgerechnet umgerechnet
tageszeitungen newspapers
tageszeitungen newspapers.
tageszeitungen broadsheet
arbeitsplatz workplace
syrischen syrian
syrischen damascus
syrischen syria
dvb dvb
amateure amateure
geschoss geschoss
finanzierte financed
finanzierte self-financed
finanzierte privately-funded
kliniken hospitals
kliniken clinics
kliniken hospitals.
marek marek
gespalten gespalten
bsc bsc
dictionnaire dictionnaire
endstation endstation
container container
behandelte behandelte
brandenburger brandenburger
kanone kanone
bergsteiger mountaineers
bergsteiger mountaineer
bergsteiger climber
unterirdische subterranean
unterirdische tunnels
unterirdische underground
epitaph epitaph
regimenter regiments
regimenter cavalry
regimenter battalions
leerzeichen commas
leerzeichen hyphens
leerzeichen semicolons
mittelmeerraum mediterranean
sporen sporen
chrysler chrysler
chrysler nissan
schulter shoulder
schulter shoulders
schulter arm
dampf dampf
aktualisierte aktualisierte
gottheit deity
gottheit divinities
gottheit deities
spital spital
integrierten integrated
goslar goslar
fluch curse
organismus organism
organismus homeostatic
organismus physiologically
jamaika jamaica
jamaika barbados
soft soft
andrzej andrzej
disc disc
bereitgestellt provided
fraktionen fraktionen
lasten lasten
geheim geheim
festplatte hard-drive
festplatte disk
festplatte hard-disk
armenischen armenian
armenischen macedonian
armenischen ossetian
knappe knappe
wieland wieland
biologe biologist
biologe zoologist
biologe entomologist
chemisch chemically
chemisch compounds
chemisch phosphoric
flasche bottle
flasche carafe
flasche jug
befestigte befestigte
angeschaut angeschaut
seminare seminars
seminare workshops
seminare courses/workshops
speisen dishes
speisen delicacies
speisen meats
madeleine madeleine
papa daddy
papa dad
papa mum
chapelle chapelle
annahmen assumptions
annahmen assumptions.
dorn dorn
wrestler wrestler
araber arabs
araber syrians
araber arabians
jugoslawischen yugoslav
jugoslawischen yugoslavian
jugoslawischen serbian
martini martini
kochen cooking
kochen cooking.
kochen cookin
gelder funds
gelder monies
duncker duncker
singh singh
hindernis obstacle
fanny fanny
fanny amelia
fanny harriette
schnellsten fastest
schnellsten quickest
assembly assembly
butter butter
butter margarine
butter unsalted
display backlight
display keypad
display backlit
disposition disposition
dale dale
phantom phantom
beabsichtigt intention
beabsichtigt intends
stefanie claire
stefanie joanne
stefanie julie
gartens garden
gartens gardens
mystery mystery
greene greene
geistig mentally
voraussichtlich voraussichtlich
schmaler narrower
garcia garcia
garcia rodriguez
garcia feliciano
abgegrenzt demarcated
abgegrenzt delineated
antwortet asks
kriegt gets
donna donna
informations informations
cappella cappella
arbeitsweise arbeitsweise
andersson pedersen
andersson larsson
andersson iversen
affen monkeys
affen baboons
affen chimps
traditioneller traditional
traditioneller -traditional
gudrun helen
gudrun jane
gudrun alison
parlamentarier parliamentarians
parlamentarier meps
parlamentarier mps
bye bye
copy copy
sheriff sheriff
gasthof inn
joy joy
oriental oriental
flut deluge
volt volts
volt volt
volt voltage
flaschen bottles
flaschen bottle
flaschen bottles.
sektionen sektionen
botanische botanical
botanische botanic
botanische botanica
bewerber candidates
bewerber applicants
bewerber candidate(s
abgesagt rescheduled
abgesagt cancelled
abgesagt postponed
very very
biel biel
schmiede blacksmiths
schmiede blacksmith
betonen emphasise
betonen emphasize
betonen re-emphasize
eger eger
romano romano
ehrenamtliche volunteers.
ehrenamtliche volunteer
inland inland
taxi taxi
nachhinein hindsight
gastronomie gastronomie
angesehenen angesehenen
bassisten bassist
bassisten drummer
bassisten guitarist
kraj kraj
tsg tsg
tagebau tagebau
linearen linear
teamkollegen team-mate
teamkollegen teammate
teamkollegen team-mates
nuntius nuncio
unternehmensgruppe unternehmensgruppe
bots bots
sessions sessions
lesung lesung
andre andre
manila manila
manila colombo
manila mumbai
slowakisch slowakisch
rokoko rococo
screen screen
gesteht confesses
gesteht admits
gesteht confides
moderatoren moderators
moderatoren presenters
alexandrowitsch nikolaevich
alexandrowitsch nikolai
alexandrowitsch alexandrovich
nationalismus nationalism
nationalismus nationalisms
nationalismus chauvinism
josh josh
erdmann erdmann
pin pin
wyoming wyoming
wyoming montana
erfahrenen experienced
roboter robot
roboter robots
roboter robotic
erzogen educated
erzogen schooled
feuerwehren feuerwehren
ausgezeichnete excellent
disqualifiziert disqualifiziert
ausnahmslos ausnahmslos
beaumont beaumont
frederik frederik
haken hook
haken hooks
stendal mid-glamorgan
somme somme
canon nikon
canon minolta
redner redner
enkelin granddaughter
enkelin niece
enkelin great-granddaughter
zwerg zwerg
versetzung versetzung
schmerz pain
schmerz ache
schmerz anguish
eck corner
elektronischer electronic
elektronischer non-electronic
elektronischer electronical
inhaltsverzeichnis inhaltsverzeichnis
schweine pigs
schweine chickens
schweine cows
montage montage
wandmalereien frescoes
wandmalereien wall-paintings
wandmalereien carvings
kartoffeln potatoes
kartoffeln potato
kartoffeln carrots
markenzeichen hallmark
unterstellungen insinuations
avignon avignon
avignon arles
avignon angouleme
nachschlagewerk nachschlagewerk
katalonien catalonia
katalonien asturias
katalonien galicia
themenbereich themenbereich
vhs vhs
vorstehende vorstehende
homme homme
vorgegebenen pre-determine
vorgegebenen pre-determined
offensichtliche offensichtliche
jungtiere hatchlings
jungtiere pups
jungtiere sub-adults
scheitert scheitert
spider spider
finalist finalist
goldberg goldberg
eigner eigner
verbrauch consumption
furcht fear
furcht apprehension
furcht fearful
tausenden hundreds
tausenden thousands
tausenden tens
gedeiht thrives
flak flak
pereira pereira
sherlock sherlock
sterling sterling
hai hai
pen pen
kubikmeter cubic
kubikmeter tonnes
kubikmeter gallons
wide wide
trage trage
herausforderungen challenges
herausforderungen challenges.
herausforderungen challenges.
geometrischen geometric
geometrischen geometrical
geometrischen geometrically
ehen marriages
ehen remarriages
ehen divorces
xix xix
hirten shepherds
wow wow
wow awsome
wow awesome...
scala scala
twin twin
hergestellte manufactured
bastian bastian
iranische iranian
iranische tehran
iranische iran
verde verde
mutig courageously
mutig courageous
mutig brave
pankow lewisham
pankow harlesden
pankow hornsey
kuh cow
galaxy galaxy
maison maison
unbedeutend insignificant
unbedeutend unimportant
hildebrand hildebrand
kontrollierten controlled
bewirtschaftet bewirtschaftet
stempel stamped
sakrament sacrament
sakrament sacraments
sakrament baptism
dover dover
offenbarung revelation
offenbarung revelational
offenbarung scriptures
nottingham nottingham
bewaffnete armed
bewaffnete insurgent
bewaffnete guerrillas
wertheim wertheim
gelandet gelandet
silbe syllable
gestiegen risen
gestiegen plummeted
gestiegen soared
manipulation manipulation
veraltete outdated
veraltete out-of-date
veraltete obsolete
normalfall normalfall
liberaler liberaler
levi levi
archipel archipelago
frame frame
ferguson ferguson
bishop bishop
kriegsschiffe warships
kriegsschiffe gunboats
kriegsschiffe troopships
izmir izmir
konstanten konstanten
umsonst umsonst
unna unna
johannesburg johannesburg
johannesburg jo'burg
beerdigung funeral
beerdigung graveside
beerdigung funeral.
ter ter
hawk hawk
holm holm
schaue schaue
commodore commodore
aktualisierung updating
morrison kristofferson
tiflis tbilisi
tiflis moscow
tiflis kiev
einbruch einbruch
roi roi
uta uta
flottille flottille
bezweifelt bezweifelt
amd amd
mondkrater mondkrater
bezweifeln bezweifeln
marcos marcos
adac adac
frankenstein frankenstein
frankenstein frankensteins
dvp dvp
devon devon
hitchcock hitchcock
heat heat
miriam miriam
auftakt auftakt
musikvideos promos
attack attack
baba baba
vorgeschlagenen proposed
fix fix
solms solms
reichenau reichenau
endemisch endemic
endemisch non-endemic
endemisch endemicity
willibald willibald
erschlagen slain
umschlossen encircled
umschlossen encircling
umschlossen encircles
privileg privilege
gehandhabt gehandhabt
rauschen rauschen
berufsausbildung vocational
berufsausbildung apprenticeships
berufsausbildung pre-apprenticeship
rai rai
spinnen spinnen
durchzogen criss-crosses
durchzogen criss-cross
durchzogen criss-crossed
steinberg steinberg
allegro allegro
niedergebrannt razed
niedergebrannt torched
shakespeares shakespearean
shakespeares shakespeare
shakespeares shakespearian
kredite loans
kredite refinanced
kredite overdrafts
leicester leicester
interessantes interesting
symbolik symbolism
symbolik symbolisms
symbolik symbolic
seelsorge seelsorge
harfe harp
harfe harps
harfe lute
susanna susanna
stationierten stationed
verlierer losers
verlierer loser
agatha agatha
einzelpersonen individuals
einzelpersonen individuals/organisations
gelingen gelingen
dauerhaften dauerhaften
cramer cramer
signifikant statistically
signifikant p=0.05
signifikant p=0.005
programmierer programmers
programmierer programmer
programmierer programmer.
lege lege
mittler mittler
quantum quantum
purple purple
wasserkraft hydro-power
wasserkraft hydroelectricity
wasserkraft hydro-electricity
abnahme abnahme
stuck stuck
concordia concordia
api api
mehmet mehmet
avec une
barbarossa barbarossa
doktorarbeit phd
doktorarbeit ph.d.
enzym enzyme
enzym oxidase
enzym alpha-glucosidase
strebte strebte
thiele thiele
oak oak
generalfeldmarschall major-general
generalfeldmarschall field-marshall
chapel chapel
investor investor
beaulieu beaulieu
dotiert dotiert
nomenklatur nomenclature
nomenklatur nomenclatures
nomenklatur nomenclatural
diane diane
assistentin assistentin
schwefel sulphur
entschuldigen apologise
entschuldigen apologize
entschuldigen apologising
oberland oberland
augusto augusto
augusto salazar
junction junction
weltanschauung religion
weltanschauung beliefs
unwichtig unimportant
unwichtig irrelevant
lazarett lazarett
reggae reggae
reggae rnb
reggae ska
ullrich ullrich
analytische analytical
analytische analytic
poet poet
quechua quechua
quechua aymara
innovationen innovation
innovationen innovations
innovationen innovations.
logan logan
breuer breuer
schalter schalter
petr petr
neill neill
meilenstein milestone
falken falken
schultze schultze
palme palme
projektion projection
projektion introjection
kante kante
rover rover
romana romana
dawson dawson
swift swift
yunnan yunnan
yunnan sichuan
yunnan guangxi
kritisierten criticised
kritisierten criticized
beiwagen 6-wheel
beiwagen 6-wheeled
beiwagen mk1
mieter tenant
mieter landlord
mieter leaseholder
theoretischer theoretical
theoretischer theory-based
thermische thermal
thermische high-temperature
thermische thermoelectric
better better
ranges ranges
glory glory
didier didier
warst 'm
cargo cargo
adobe adobe®
legitim legitimate
jade jade
usbekistan uzbekistan
usbekistan turkmenistan
usbekistan tajikistan
joh jn
joh lk
joh thess
reaktor reactor
pharmazie pharmaceutics
pharmazie pharmacology
pharmazie medicine
metaphysik metaphysics
metaphysik metaphysic
metaphysik aristotelian
yen yen
eingetragene eingetragene
lennon lennon
erzieher erzieher
musique musique
musique musiques
musique musiciens
amtssprache amtssprache
straftat offence
straftat arrestable
straftat offence(s
topographische topographical
topographische topographic
topographische topographs
einfahrt lay-by
einfahrt carpark
howe howe
gros gros
ergriffen ergriffen
kriminellen criminals
kriminellen extortion
kriminellen drug-dealing
bescheidenen modest
assoziation assoziation
zivil zivil
tuch cloth
tuch facecloth
tuch muslin
fleming fleming
router router
router firewall/router
router routers
guadalajara guadalajara
guadalajara buenos
guadalajara caracas
begabung giftedness
privatpersonen privatpersonen
horizontalen horizontal
horizontalen vertical
didaktik pedagogy
bann bann
jelena jelena
viertes viertes
rettete snatched
asch asch
billig cheap
billig cheaply
weide graze
weide pastured
metadaten metadata
metadaten metadata.
metadaten meta-data
diez diez
erwachsenenbildung educatio
mairie mairie
dal dal
unger unger
architektonischen architectural
architektonischen architectonic
architektonischen architectual
kristallisiert crystallizes
reformiert reforming
masken masks
martens martens
brille spectacles
brille eyeglasses
brille glasses
rentner pensioner
rentner pensioners
hose trousers
hose pants
hose blouse
gesandtschaft legation
gesandtschaft envoys
eve eve
bewaffnet brandishing
bewaffnet wielding
bewaffnet toting
muscheln seashells
muscheln mussels
muscheln sponges
lunge lungs
lunge lung
lunge sinuses
rosario rosario
rosario cruz
lingen lingen
winters winter
sitcom sitcom
rechtsstreit rechtsstreit
give give
ritterschaft ritterschaft
provincia provincia
provincia provinciale
kommandos command
belohnung reward
woody woody
miroslav miroslav
siedlern settlers
siedlern settler
seth seth
kaninchen rabbits
kaninchen rabbit
kaninchen piglet
hummel hummel
fracht cargo
fracht freights
fracht freighters
sofortigen sofortigen
waisenhaus orphanage
kanon kanon
zska cska
demontiert dismantled
demontiert dismantles
lazarus lazarus
rousseau rousseau
starts starts
pavia pavia
carr carr
ideologischen ideological
ideologischen ideologies
ideologischen ideological
arche ark
ranch ranch
zaun fence
zaun fences
stabilen stable
tasten keyboard
baumgarten baumgarten
provoziert provokes
provoziert provoked
provoziert provoke
nomos nomos
sekte sekte
wiegen weigh
wiegen weighing
sprengel sprengel
abrechnung abrechnung
lightning lightning
atoll atoll
verschiebungen discontinuities
amazonas amazonas
ural urals
gabler gabler
gewandelt changed
rollenspiel role-playing
rollenspiel role-players
rollenspiel role-played
reputation reputations
reputation reputation
samson samson
moralisch morally
moralisch ethically
moralisch immorally
chun chun
verschmelzung verschmelzung
zeno zeno
verschlechterte worsened
verschlechterte deteriorated
verschlechterte deteriorating
peggy peggy
keil keil
semi semi
organisator organisator
hellmut hellmut
spezialisierten specialised
spezialisierten specialist
spezialisierten specialized
konservativer konservativer
hoc hoc
einsamkeit loneliness
einsamkeit solitude
einsamkeit solitudes
bergamo bergamo
bergamo brescia
vage vague
unternehmungen unternehmungen
kreuzigung crucifixion
kreuzigung crucifixions
kreuzigung crucifiction
kick kick
geige violin
geige violins
geige piano
barker barker
psychiatrischen psychiatric
psychiatrischen psychiatrically
psychiatrischen psychogeriatric
holden holden
weglassen weglassen
hoya hoya
dichtungen dichtungen
gill gill
antisemitischen anti-semitic
antisemitischen antisemitic
antisemitischen antisemite
sonde sonde
neulich neulich
heimgesucht ravaged
meditation meditation
meditation meditational
meditation meditation.
bischoff bischoff
draht wire
kontraproduktiv counter-productive
kontraproduktiv counterproductive
nathaniel nathaniel
fromm fromm
nordic nordic
durchsicht durchsicht
emerson emerson
scotia scotia
akzent accent
trainieren trainieren
gerry gerry
crash crash
morales morales
palette range
palette variety
palette ranging
austauschen austauschen
verstorbener verstorbener
abbas assad
abbas mahmoud
abbas al-assad
anspielungen allusions
anspielungen parodies
anspielungen subtexts
kurie papal
kurie curia
unkenntnis misapprehensions
unkenntnis misapprehension
unkenntnis ignorance
wechselwirkungen interactions
pur pur
schutzgebiete ramsar
zusammenarbeiten collaborate
zusammenarbeiten collaborating
zusammenarbeiten cooperate
lily lily
telekommunikation telecommunications
telekommunikation telecommunication
telekommunikation telecomm
nationalisten nationalists
nationalisten ultra-nationalists
nationalisten nationalist
verzehr ingesting
verzehr foodstuff
siebziger 1970s
siebziger 1960s
siebziger 1980s
fontana fontana
frosch frog
frosch toad
versand postage
risse cracks
abbild abbild
graphik graphik
rennstrecke racetrack
rennstrecke racetracks
allison allison
appenzell appenzell
elle elle
junker junker
kopp kopp
betriebssysteme unix
betriebssysteme unix-based
betriebssysteme unix/windows
hello hello
netto netto
tadeusz tadeusz
angemessenen angemessenen
rother rother
internetseiten web-sites
internetseiten websites
internetseiten webpages
verputzt replastered
betreuer betreuer
enke enke
coca coca
coca cola
coca coca-cola
fusioniert merged
friedman friedman
absicherung absicherung
prozession procession
prozession processions
nascar nascar
verbannung banishment
res res
anleihen borrowings
publius publius
arosa arosa
cops cops
jedesmal everytime
aufrechterhaltung maintaining
scheinwerfer headlamps
scheinwerfer headlights
scheinwerfer headlight
ziegel bricks
ziegel tiles
ziegel tile
thames thames
chambers chambers
evakuierung evacuation
evakuierung evacuating
evakuierung evacuations
kriminelle criminals
kriminelle criminal.
kriminelle extortion
studi studi
meile meile
def def
simmons simmons
attila attila
eesti eesti
greenwich greenwich
gleichzusetzen equate
gleichzusetzen equated
tugend virtues
tugend nobleness
tomas tomas
schlank slim
zuerkannt awarded
hindern hinder
muskeln muscles
muskeln muscle
muskeln muscles.
luisa luisa
inka inka
libri libri
foyer foyer
angenehm pleasantly
angenehm pleasant
angenehm pleasent
lau lau
strittig strittig
aktualisieren updating
garrett garrett
riese riese
abtreten abtreten
friedlich peacefully
friedlich peacefull
moose lichens
philharmonic philharmoniker
philharmonic philharmonie
philharmonic philharmonic
schwulen gay
schwulen lesbian
schwulen lesbians
mari mari
sylvester sylvester
spinne spider
tre tre
ultimate ultimate
bentley bentley
worth worth
personenwagen four-wheelers
personenwagen rear-engined
personenwagen diesel-engined
nicholson nicholson
reservoir reservoir
benito benito
kultiviert cultivated
angeln fishing
angeln fly-fishing
unterste unterste
fowler fowler
scherben scherben
cristina adriana
cristina maria
cristina cristina
stanislaus stanislaus
bolivianischen bolivian
bolivianischen peruvian
bolivianischen guatemalan
diagnostiziert diagnosed
diagnostiziert misdiagnosed
diagnostiziert underdiagnosed
berta berta
steam steam
isolierten isolated
gejagt hunted
walde walde
lounge lounge
reinhart reinhart
beschwert complaining
beschwert complaing
beschwert complained
manuela nicola
manuela emma
manuela laura
stroh bales
verwundeten wounded
verwundeten bayoneted
verwundeten wounder
tageslicht tageslicht
earls earls
fossile fossil
blonde blonde
blonde brunette
blonde blond
quarz quarz
dsl adsl
dsl broadband
dsl dsl
bruns bruns
hercules hercules
beschossen machine-gunned
beschossen strafed
beschossen detonated
bing bing
protektorat protectorate
schrauben screws
schrauben clamps
schrauben bolts
riccardo riccardo
auszeit auszeit
andi pete
andi richy
andi dougie
exzellenz exzellenz
aragon aragon
sfb sfb
schirmherrschaft schirmherrschaft
leroy leroy
finanzministerium treasury
unterer unterer
lab lab
bildmaterial bildmaterial
schmeckt tastey
schmeckt flavourless
schmeckt delicious.
calcium calcium
calcium potassium
calcium ascorbate
vorreiter vorreiter
endlos endlessly
endlos endless
endlos interminably
wetten betting
wetten bets
excellence excellence
dekoriert decorated
dekoriert decorates
dekoriert decorated.
roots roots
werbespots commercials
werbespots infomercials
taliban taliban
taliban taleban
taliban mujahedin
fachwissen expertise
fachwissen knowledge
spekuliert speculated
spekuliert speculation
spekuliert speculates
samstags saturdays
samstags fridays
samstags weekdays
freitags fridays
freitags mondays
freitags wednesdays
upload uploading
upload uploader
upload uploads
ornithologe ornithologist
schaefer schaefer
salisbury salisbury
artes artes
vasallen vassal
vasallen usurpers
vasallen vassals
sowjets soviets
sowjets u.s.s.r.
sowjets soviet
maserati porsche
maserati maserati
spielberg spielberg
spielberg zemeckis
cher cher
benutzerkonto userids
benutzerkonto logon
benutzerkonto log-in
haie sharks
haie shark
haie whalesharks
mauthausen mauthausen
esc esc
erwecken erwecken
fehlermeldung workaround
fehlermeldung reboot
fehlermeldung rebooting
kommissionen committees
kommissionen sub-committees
kommissionen subcommittees
cad cad
esch esch
ausgeschaltet switched
ausgenutzt exploited
molare molar
kragen unbuttoned
kragen lapels
hungersnot famine
hungersnot famine.
hungersnot famines
renato renato
bedenklich bedenklich
karikaturen caricatures
karikaturen cartoons
spass fun
idol idol
bulgarisch bulgarisch
girolamo girolamo
harlem harlem
breitere wider
alison alison
riegel riegel
eroberer conquerors
eroberer conquistadors
vdi vdi
intervall intervall
mensa refectory
theol theol
goldschmidt goldschmidt
befallen infects
konzentrationen concentrations
konzentrationen solubility
konzentrationen chlorogenic
ambitionen ambitions
ambitionen ambition
juris juris
manet manet
gouverneure gouverneure
vererbt inherited
vererbt inheritable
freundinnen girlfriends
freundinnen boyfriends
freundinnen friends
geisel hostage
avant avant
matrosen seamen
matrosen sailors
matrosen man-of-war
abdecken cover
gebhardt gebhardt
carrera carrera
carrera gallardo
unzufriedenheit dissatisfaction
unzufriedenheit dissatisfactions
unzufriedenheit discontent
kasper kasper
modellierung modelling
modellierung modeling
modellierung computational
enthaltung abstention
enthaltung abstaining
hypothesen hypotheses
hypothesen hypothesis
hypothesen hypothesis-testing
norwich norwich
severus severus
durchbrochen durchbrochen
einvernehmen einvernehmen
neugeborenen new-borns
neugeborenen new-born
neugeborenen newborn
sichert secures
sichert guaranteeing
punta punta
punta playa
punta larga
tabu tabu
blasius blasius
konform konform
klimawandel warming
klimawandel climate
klimawandel human-induced
faul lazy
entsetzt horrified
entsetzt shocked
entsetzt disgustedly
yahoo yahoo
rechnungen invoices
schlamm mud
schlamm silt
schlamm water-logged
unangemessen unreasonable
screenshot screenshot
screenshot screenshots
kontinente continents
kontinente continents.
kontinente continent
laufwerk disk
laufwerk harddisk
laufwerk hard-disk
integral integral
einberufung einberufung
lorsch lorsch
sitzenden seated
evangelist evangelist
baxter baxter
arcade arcade
basse basse
stoffwechsel metabolism
stoffwechsel metabolisms
stoffwechsel homeostasis
eingelagert eingelagert
investierte invested
sande sande
boyle boyle
kuss kiss
cha cha
bor bor
munter munter
schnittpunkt intersection
schnittpunkt intersects
schnittpunkt intersect
athlet athlete
athlet rower
athlet gymnast
burgos burgos
sauren acidic
tarn tarn
gleichzeitigen gleichzeitigen
nikita nikita
chirurgischen surgical
chirurgischen surgery
chirurgischen neurosurgical
assoziationen assoziationen
arbeitsstelle arbeitsstelle
verlobung marriage
verlobung betrothal
strukturierte structured
umschreiben umschreiben
conti conti
bildergalerie bildergalerie
bryant bryant
gerechte gerechte
kooperiert collaborates
kooperiert collaborating
laune laune
valois valois
petite petite
schlechtesten schlechtesten
monitoring monitoring
monitoring monitoring
winterreise winterreise
maxime maxime
kazimierz kazimierz
haider haider
suffolk suffolk
aufrechtzuerhalten maintain
aufrechtzuerhalten sustain
frommen pious
frommen devout
frommen saintly
norma norma
akkreditiert akkreditiert
isdn isdn
isdn modem
isdn dial-up
zugeschnitten tailored
bewahrung preserving
bewahrung preservation
bewahrung conserving
vergeht vergeht
generatoren generators
rufzeichen callsign
rufzeichen callsigns
strukturell strukturell
parkanlagen gardens
parkanlagen parklands
parkanlagen parks
zombie zombie
knotenpunkt knotenpunkt
garland garland
primus primus
ausgiebig ausgiebig
ordner folders
ordner folder
ordner subfolders
zion zion
afro afro
verstaatlicht nationalised
verstaatlicht nationalized
verstaatlicht nationalisation
fidschi fiji
fidschi tonga
versuchung temptation
versuchung temptations
locke locke
ramses ramses
patrice patrice
nelly nelly
almeida almeida
tauben pigeons
gerichtliche judicial
kwh kwh
kwh kilowatt
kwh kilowatt-hours
terme terme
jakarta jakarta
deputy deputy
irritiert puzzled
irritiert bemused
irritiert bewildered
storch storch
blicken blicken
kali kali
briefkasten postbox
briefkasten letterbox
bonnie bonnie
unbestimmte unbestimmte
thornton thornton
lesben lesbians
lesben bisexuals
lesben transgender
francesca francesca
sek sek
besitze besitze
ready ready
achtzehn eighteen
achtzehn twenty-one
achtzehn fourteen
advent advent
moi moi
liebling liebling
fernsehturm fernsehturm
suppe soup
suppe stew
suppe gravy
angeklagte defendant
angeklagte defendants
angeklagte co-defendant
engelhardt robinson
engelhardt matthews
engelhardt fletcher
wordpress wordpress
stafford stafford
gefressen gefressen
vergangen ago
signaturen signaturen
busbahnhof busbahnhof
konsulat consulate
konsulat embassy
ente duck
henne henne
neumark neumark
basalt basalt
kostenfrei free-of-charge
charakteristik charakteristik
abzweigung abzweigung
abtrennung abtrennung
karlsbad karlsbad
albaner albanians
albaner serbians
albaner serbs
zeremonien rituals
zeremonien ceremonials
zeremonien rites
greif greif
ergriff sprang
reichsrat reichsrat
inga inga
arras arras
durchfahrt durchfahrt
browne browne
gillespie gillespie
darling darling
louisville louisville
verleumdung slander
verleumdung slandering
verleumdung defaming
musa musa
samantha samantha
investition investment
investition investing
investition investment.
mauren iberians
kapp kapp
vis vis
magier sorcerer
magier sorcerers
spirituellen spiritual
spirituellen spirituality
spirituellen spiritualizing
hubbard hubbard
thematischen thematic
backstage backstage
kun kun
humblot humblot
ethernet ethernet
ethernet gigabit
ethernet ethernets
albion albion
kunsthandwerk handicrafts
kunsthandwerk crafts
kunsthandwerk handcrafts
besorgte besorgte
indikator indicator
bucher bucher
dhb dhb
kehl kehl
elvira elvira
umgangen circumvented
umgangen circumvents
umgangen circumventing
psalmen psalms
psalmen psalms.
psalmen hymns
nike nike
coppa coppa
evangelien gospels
evangelien epistles
evangelien gospels.
beleidigend insulting
beleidigend disrespectful
beleidigend offended
tierarzt vet
tierarzt veterinarian
tierarzt vets
sackgasse dead-end
oracle oracle
pfosten crossbar
pfosten 12-yard
pfosten crossbars
biomasse biomass
biomasse bio-mass
biomasse biogas
kognitive cognitive
kognitive cognition
kognitive non-cognitive
harding harding
hinz hinz
keys keys
psychoanalytiker psychoanalyst
psychoanalytiker psychoanalysts
psychoanalytiker psychologist.
nationalistische nationalist
nationalistische nationalistic
nationalistische anti-nationalist
reinigen cleanings
reinigen cleaning
reinigen cleans
symmetrische symmetrical
symmetrische symmetric
banden gangs
malawi malawi
malawi zambia
malawi tanzania
jagt chases
jagt prowls
rosenkranz rosary
atmung breathing
atmung respiration
atmung breathing.
unklarheiten unklarheiten
groove funk
paso paso
bruchteil fraction
aggregat aggregat
schonen schonen
horde horde
horde hordes
ilias iliad
edouard edouard
macau macau
vieux vieux
zyklen cycles
regine caroline
bergung bergung
saab saab
shepherd shepherd
brady brady
pauschale pauschale
ausbrach erupted
ausbrach raged
hradec hradec
minimieren minimise
minimieren minimize
minimieren minimising
fee fee
raumfahrer astronauts
raumfahrer astronaut
altai altai
winden winden
realistischen realistic
realistischen realistic
starnberg starnberg
fci fci
nobel nobel
alec alec
theresa theresa
umsiedlung umsiedlung
rind rind
landschaftlich scenically
landschaftlich scenic
beschweren complain
beschweren complaing
beschweren complaining
amur amur
widersprach insisted
widersprach contradicted
widersprach disagreed
stadtplanung stadtplanung
bernau bernau
trump trump
aurel aurel
nibelungen nibelungen
konvertiert konvertiert
gallimard gallimard
brocken brocken
maire maire
versicherten versicherten
romy romy
laufender laufender
flynn flynn
bekennen bekennen
louisa louisa
sunny sunny
shu shu
input input
arad arad
konsequente konsequente
einar einar
blanca esmeralda
heruntergeladen downloaded
heruntergeladen dowloaded
heruntergeladen downloaded.
lawson lawson
kalle kalle
petroleum petroleum
butterfly butterfly
freytag freytag
zigaretten cigarettes
zigaretten cigarettes.
zigaretten cigarette
reeves reeves
josep josep
daytona daytona
weston weston
pepper pepper
stoll stoll
wasserball volleyball
wasserball octopush
wasserball waterpolo
eichmann eichmann
giordano giordano
unterschlupf sheltering
artois artois
dolores dolores
vergewaltigt raped
vergewaltigt raping
vergewaltigt abducted
geehrte geehrte
kreuzfahrer kreuzfahrer
deich deich
harms harms
rationale rational
eliot eliot
mortimer mortimer
koordinieren co-ordinate
koordinieren coordinate
koordinieren coordinating
ceylon ceylon
rilke rilke
arsen arsenic
arsen arsenical
sands sands
abschalten abschalten
flussbett riverbed
flussbett mudbank
schrank cupboard
schrank drawer
schrank drawers
ronny darren
ronny jason
ronny jonny
yin yin
yin yang
meteor meteor
gateway gateway
esser esser
shaun shaun
kochbuch cookbook
kochbuch cookbooks
kochbuch recipes
everett everett
pfadfinder pfadfinder
auslastung auslastung
waagerecht horizontally
waagerecht diagonally
waagerecht vertically
bestellten bestellten
chronisch chronically
chronisch chronic
intermezzo interlude
proportionen proportionen
abonnenten subscribers
abonnenten subscribers.
abonnenten subscriber-only
dreiecks dreiecks
eusebius eusebius
eusebius theodorus
liebevoll lovingly
liebevoll caringly
liebevoll beautifully
spezialgebiet spezialgebiet
biotechnologie biotechnology
biotechnologie bio-nanotechnology
biotechnologie biotechnology-related
vorrichtung vorrichtung
damon damon
vollversammlung vollversammlung
sticht sticht
gleichsetzung gleichsetzung
moody moody
zutiefst deeply
zutiefst profoundly
deus deus
wilke saunders
wilke gillard
wilke hollett
inhaltsstoffe phytochemicals
inhaltsstoffe phenols
inhaltsstoffe phytosterols
beleidigen offend
beleidigen insulting
beleidigen insult
klauen klauen
schell schell
bello bello
einreise visas
kernenergie kernenergie
bethel bethel
zheng zheng
wojciech wojciech
einflüsse einflüsse
schlösser schlösser
atmosphäre atmosphäre
überlegungen überlegungen
dünn dünn
österreichisch österreichisch
verändern verändern
stürmer stürmer
anführer anführer
böden böden
ägyptischen ägyptischen
erläutert erläutert
böhmischen böhmischen
wälder wälder
bemüht bemüht
pädagogik pädagogik
weißer weißer
köhler köhler
überprüft überprüft
jährlichen jährlichen
möge möge
krüger krüger
reguläre reguläre
ausgewählte ausgewählte
gedenkstätte gedenkstätte
kürzer kürzer
mönche mönche
eichstätt eichstätt
mögen mögen
hölle hölle
südlicher südlicher
qualitätssicherung qualitätssicherung
tatsächliche tatsächliche
draußen draußen
amphoe amphoe
communauté communauté
reichsbahn reichsbahn
äthiopien äthiopien
erläuterungen erläuterungen
unvollständig unvollständig
zerstören zerstören
verkörperte verkörperte
rhône rhône
académie académie
mähren mähren
lüttich lüttich
unterstützer unterstützer
süddeutsche süddeutsche
westküste westküste
währenddessen währenddessen
ausgeprägt ausgeprägt
überrascht überrascht
quelltext quelltext
abständen abständen
rückstand rückstand
grundsätze grundsätze
weißrussland weißrussland
präsidentin präsidentin
kunstverlag kunstverlag
redir redir
unglück unglück
gewünschte gewünschte
küsten küsten
ökologie ökologie
sánchez sánchez
wasserburg wasserburg
möglicher möglicher
dreißig dreißig
geschäftsführung geschäftsführung
ausüben ausüben
gestoßen gestoßen
elberfeld elberfeld
ärger ärger
coupé coupé
schwächen schwächen
töne töne
jüngster jüngster
strömungen strömungen
kräftig kräftig
fünfzehn fünfzehn
aufzählung aufzählung
vorwerk vorwerk
verlängerte verlängerte
prüfungen prüfungen
genießen genießen
ausdrücken ausdrücken
verknüpfung verknüpfung
saône saône
bedürfnisse bedürfnisse
ökologische ökologische
spvgg spvgg
prägen prägen
begründungen begründungen
unzulässig unzulässig
neunkirchen neunkirchen
nobelpreisträger nobelpreisträger
drückt drückt
martínez martínez
kohlhammer kohlhammer
meißner meißner
gräben gräben
unerwünschter unerwünschter
schwarzburg schwarzburg
verstöße verstöße
atlético atlético
aurich aurich
intensität intensität
tagsüber tagsüber
gewöhnliche gewöhnliche
drängen drängen
erdöl erdöl
gemäßigten gemäßigten
schöpfer schöpfer
heiß heiß
fürchte fürchte
beschränkung beschränkung
buchhändler buchhändler
römern römern
erfüllte erfüllte
ernährt ernährt
verstößt verstößt
dnvp dnvp
bülow bülow
biathlet biathlet
kämpft kämpft
arminia arminia
überzeugend überzeugend
körperlichen körperlichen
erläutern erläutern
blütenstände blütenstände
vogtei vogtei
einkünfte einkünfte
kürze kürze
längs längs
rumänisch rumänisch
natürlicher natürlicher
moleküle moleküle
schätzen schätzen
erwärmung erwärmung
gewähren gewähren
färöer färöer
ausgeprägte ausgeprägte
salzgitter salzgitter
hersfeld hersfeld
repräsentieren repräsentieren
mächtig mächtig
wikisource wikisource
süß süß
töchtern töchtern
zulässige zulässige
général général
reiseführer reiseführer
wüst wüst
españa españa
kirchdorf kirchdorf
lászló lászló
église église
günstiger günstiger
enthüllt enthüllt
sekretärin sekretärin
schütze schütze
hörer hörer
überfordert überfordert
zugänglichen zugänglichen
königstein königstein
söldner söldner
gefährlichen gefährlichen
ostfildern ostfildern
täler täler
konföderierten konföderierten
außergewöhnliche außergewöhnliche
berühren berühren
kirchheim kirchheim
kunstgewerbeschule kunstgewerbeschule
eingeräumt eingeräumt
nationalliga nationalliga
güterwagen güterwagen
verzögerung verzögerung
lüdenscheid lüdenscheid
wmflabs wmflabs
bentheim bentheim
bäcker bäcker
lemgo lemgo
primäre primäre
verständigung verständigung
raúl raúl
fußgänger fußgänger
großeltern großeltern
hohenstein hohenstein
babelsberg babelsberg
erzbischöfe erzbischöfe
geschwächt geschwächt
traunstein traunstein
überlegung überlegung
nzz nzz
köthen köthen
bewährt bewährt
mönchen mönchen
lärm lärm
unterdrückt unterdrückt
méxico méxico
führungen führungen
erhöhter erhöhter
comune comune
künstlerhaus künstlerhaus
godesberg godesberg
schönste schönste
zurücksetzen zurücksetzen
bergheim bergheim
übergänge übergänge
kühl kühl
trophäe trophäe
höxter höxter
fenerbahçe fenerbahçe
zusammenführung zusammenführung
anstoß anstoß
übergehen übergehen
schnellstraße schnellstraße
mütterlicherseits mütterlicherseits
körperschaft körperschaft
ludwigslust ludwigslust
seenplatte seenplatte
höre höre
generäle generäle
seriös seriös
getränk getränk
anwälte anwälte
thailändischen thailändischen
döring döring
mühldorf mühldorf
tagebücher tagebücher
rect rect
ungünstig ungünstig
waldshut waldshut
königen königen
mödling mödling
schädlich schädlich
erschöpft erschöpft
deutschlandradio deutschlandradio
willkürliche willkürliche
bibliographisches bibliographisches
verträgen verträgen
aufgeklärt aufgeklärt
reißt reißt
györgy györgy
kündigt kündigt
zulässigen zulässigen
übertroffen übertroffen
aloys aloys
krankenhäusern krankenhäusern
aisch aisch
schönfeld schönfeld
kühlen kühlen
ottokar ottokar
gutiérrez gutiérrez
joaquín joaquín
steinfurt steinfurt
wütend wütend
dorpat dorpat
bewährte bewährte
zerbst zerbst
herzogtümer herzogtümer
bartholdy bartholdy
nähert nähert
flöten flöten
nachträgliche nachträgliche
stationären stationären
fukushima fukushima
ägypter ägypter
räumung räumung
herkömmliche herkömmliche
supérieure supérieure
loyalität loyalität
usedom usedom
elitserien elitserien
gliedmaßen gliedmaßen
königreiche königreiche
kammerspiele kammerspiele
großvaters großvaters
verzögerungen verzögerungen
gehöft gehöft
neuenahr neuenahr
erörtert erörtert
einfluß einfluß
fürsorge fürsorge
verkehrsgesellschaft verkehrsgesellschaft
fichtelgebirge fichtelgebirge
spezialität spezialität
röder röder
geschäftsleitung geschäftsleitung
reichenberg reichenberg
befürwortet befürwortet
überschattet überschattet
mettmann mettmann
berät berät
discogs discogs
überlingen überlingen
brände brände
italiani italiani
ausschüsse ausschüsse
unerwünschten unerwünschten
schläge schläge
suárez suárez
federführung federführung
einfügung einfügung
dohna dohna
jörn jörn
leafs leafs
großzügige großzügige
mäuse mäuse
sprünge sprünge
châtillon châtillon
spremberg spremberg
pfaffenhofen pfaffenhofen
verrückte verrückte
missbräuchlich missbräuchlich
verkürzen verkürzen
ständen ständen
forchheim forchheim
lösungsmittel lösungsmittel
thälmann thälmann
unberührt unberührt
ittf ittf
indo indo
hofkapelle hofkapelle
präsentierten präsentierten
fünfziger fünfziger
objektivität objektivität
daun daun
präziser präziser
ebersberg ebersberg
büttner büttner
empfängnis empfängnis
kapitänleutnant kapitänleutnant
pokémon pokémon
wöchentlichen wöchentlichen
kürzung kürzung
othmar othmar
père père
glücklicherweise glücklicherweise
crailsheim crailsheim
schwarzweiß schwarzweiß
spreewald spreewald
zwölfte zwölfte
härter härter
steinbrüche steinbrüche
cittÃ cittÃ
borna borna
zugefügt zugefügt
lautstärke lautstärke
abbé abbé
produktionsstätten produktionsstätten