armeniern armeniern
angemessener angemessener
klan klan
burckhardt burckhardt
harmonische harmonious
therapeutischen therapeutic
bohrungen drillings
conservatoire conservatoire
rimini rimini
protonen protons
flyer flyer
bet bet
neid envy
wembley wembley
kollidierte collided
sinsheim sinsheim
errungenschaften errungenschaften
berkshire berkshire
verkehrswesen verkehrswesen
institutionelle institutional
respektieren respektieren
mendes mendes
kurdische kurdish
teschen teschen
zins zins
mccoy mccoy
jasmin jasmin
chatham chatham
beiseite aside
mauretanien mauritania
poetik poetics
kriegsschiff warship
chrome chrome
regelrecht regelrecht
zeugs zeugs
marjorie marjorie
orchestre orchestre
zamora zamora
cheyenne cheyenne
belt belt
waller waller
paste paste
laurie laurie
arbeitsspeicher arbeitsspeicher
subventionen subsidies
diaz diaz
havilland havilland
distributionen distributionen
urheberschaft urheberschaft
hengst hengst
weekend weekend
marquardt marquardt
sinus sinus
alzheimer alzheimer
babylonischen babylonian
umkehrung umkehrung
oldtimer oldtimer
steinfeld steinfeld
marxistischen marxist
charge charge
monatshefte monatshefte
cody cody
agios agios
schauspielerinnen actresses
punjab punjab
thrakien thrakien
forschen forschen
judd judd
neutronen neutrons
kalenders kalenders
talmud talmud
nachrichtendienst nachrichtendienst
sapiens sapiens
zinnen battlements
gille gille
dad dad
nous nous
clifton clifton
handwerkern tradesmen
tschernobyl chernobyl
befriedigung befriedigung
garnier garnier
kissinger kissinger
optischer optical
unterzeichnen unterzeichnen
verehrer verehrer
macher macher
eingemeindungen eingemeindungen
eingefallen eingefallen
sting sting
loyal loyal
stephenson stephenson
houghton houghton
himbeere himbeere
artium artium
wecker wecker
unsterblichkeit immortality
undercover undercover
lourdes lourdes
gfk gfk
konzerthaus konzerthaus
anekdote anecdote
feed feed
gansu gansu
menschenrechtsverletzungen abuses
streitereien bickering
machenschaften machenschaften
vorgesetzter vorgesetzter
harro harro
brigadier brigadier
sympathien sympathien
saure saure
parkhaus parkhaus
arsch arse
dittrich dittrich
getragene getragene
neigungen neigungen
erie erie
schwindel schwindel
absorbiert absorbs
fifty fifty
estrada estrada
wohlwollend wohlwollend
primitive primitive
statistiker statistiker
methodisch methodologically
mittelstand mittelstand
kersten kersten
unbewusst unconsciously
arbeitslose unemployed
vorwahl vorwahl
auswertungen auswertungen
seychellen maldives
pflanzliche plant-based
breitkopf breitkopf
cyr cyr
kolumnist columnist
aussteller exhibitors
gepackt gepackt
intellektueller intellektueller
zehnkampf zehnkampf
abnehmer abnehmer
unwirksam unwirksam
erpressung blackmail
femmes femmes
nenner nenner
dativ dativ
gaspar gaspar
schere schere
ghettos ghettos
stevie stevie
partito partito
vitis vitis
abtreibung abortion
wyss wyss
woodward woodward
hindemith hindemith
caldwell caldwell
rene rene
kyung kyung
verschuldet verschuldet
hauptversammlung egm
cary cary
maynard maynard
meteorologe meteorologist
cochabamba cochabamba
moran moran
bam bam
weiterverarbeitung weiterverarbeitung
blogger bloggers
bsb bsb
poltawa poltawa
shelby shelby
eingaben eingaben
sofortiger sofortiger
epilepsie epilepsie
traurige traurige
einfahren einfahren
pasquale pasquale
lees lees
bordell brothel
unterfamilien unterfamilien
eliminiert eliminated
teilnehmerinnen participants
tyrannen tyrants
twentieth twentieth
verengt verengt
kling kling
kadetten kadetten
urbana urbana
hype hype
jahrtausende millennia
marietta marietta
fraenkel fraenkel
hun hun
uneinigkeit uneinigkeit
kaspischen caspian
nissen nissen
seile ropes
marrakesch marrakesch
begabte begabte
mochte liked
dreifachen dreifachen
akkumulatoren accumulators
perseus perseus
schill schill
ausblenden ausblenden
libellen dragonflies
wiltshire wiltshire
monolog monologue
maren maren
boa boa
prater prater
hille hille
kos kos
lungen lungs
repressalien repressalien
schlick schlick
chicken chicken
nes nes
salsa salsa
rechenschaft rechenschaft
apex apex
operativ operativ
fortgeschritten fortgeschritten
tiefpunkt tiefpunkt
flop flop
heiligkeit holiness
monterrey monterrey
euripides sophocles
erscheinungsformen erscheinungsformen
abgeschoben deported
cassidy cassidy
glaubensbekenntnis glaubensbekenntnis
castilla castilla
barlow barlow
belleville belleville
lach lach
mouvement mouvement
curtiss curtiss
umkreist umkreist
untrennbar inextricably
ogg ogg
tuareg tuareg
derivat derivat
bohren bohren
hansi hansi
goss goss
munch munch
brutto brutto
tum tum
zelda zelda
ado ado
roubaix roubaix
ersuchen ersuchen
shaker shaker
wagt dares
annapolis annapolis
zepter zepter
widerstehen resist
messier messier
katalysatoren catalysts
rondo rondo
saat saat
ewing ewing
ccd ccd
pei pei
kleinkind kleinkind
kompromisse compromises
kathryn kathryn
veteran veteran
vereinfachten vereinfachten
feierabend feierabend
absprachen absprachen
corvette corvette
niederschrift niederschrift
franca franca
sozialhilfe sozialhilfe
britten britten
unbehelligt unbehelligt
aubrey aubrey
exner exner
threads threads
camping camping
brutale brutal
westlichste westlichste
clash clash
maritimes maritimes
maureen maureen
lusignan lusignan
cercle cercle
korf korf
greifbar greifbar
autobiographische autobiographical
haw haw
stony stony
zusagen zusagen
granville granville
oasis oasis
trabzonspor trabzonspor
trujillo trujillo
renata renata
heckel heckel
kommentatoren commentators
bourgeois bourgeois
trajan trajan
arden arden
stichproben stichproben
uranus uranus
standseilbahn standseilbahn
baracke baracke
brendel brendel
ens ens
mph mph
civitas civitas
vorgesetzte vorgesetzte
kartograph cartographer
cream cream
pekka pekka
kundgebung kundgebung
borgo borgo
reel reel
parkett parkett
magma magma
nasr nasr
fellner fellner
tropisches tropisches
cima cima
oschersleben oschersleben
renard renard
bergab downhill
reloaded reloaded
moreira moreira
kandinsky kandinsky
vorhergehende vorhergehende
horten horten
rechtsstreitigkeiten disputes
konstruktivismus constructivism
tribal tribal
singspiel singspiel
emmanuelle emmanuelle
althoff althoff
burschen burschen
sibylla sibylla
konditionen konditionen
vanuatu vanuatu
agrippa agrippa
drews drews
mircea mircea
dimensionalen dimensionalen
xie xie
neubert neubert
pamplona pamplona
gauthier gauthier
leandro leandro
skalen skalen
turmspitze turmspitze
fausto fausto
stimmig stimmig
lubitsch lubitsch
autismus autism
zygmunt zygmunt
nic nic
aquileia aquileia
cristiano cristiano
achtern achtern
kingsley kingsley
lachs halibut
talentierte talented
merton merton
terminator terminator
tornados tornados
novalis novalis
alarmiert alerted
abchasien abchasien
connolly connolly
danse danse
orff orff
pali pali
christiania christiania
hanke hanke
nigerianische nigerian
achtet achtet
beira beira
mephisto mephisto
ornament ornament
helbig helbig
build build
furche furche
lamar lamar
enzian enzian
ruiniert ruiniert
alligator alligator
christiaan christiaan
brigitta brigitta
jurassic jurassic
ahmadiyya ahmadiyya
wallach wallach
amenophis amenophis
antigen antigen
suspension suspension
aquitaine aquitaine
nimrod nimrod
jeremiah jeremiah
hazel hazel
buchhaltung book-keeping
abbauen abbauen
mastering mastering
gefaltet folded
kwazulu kwazulu
kugler kugler
prunus prunus
diskriminiert discriminated
soho soho
meisner meisner
dit dit
argus argus
pannonischen pannonischen
unbesetzt unbesetzt
erfindet invents
hassen hating
bashing bashing
diem diem
radioaktiv radioaktiv
arbeitslosengeld arbeitslosengeld
ruud ruud
daryl daryl
schaeffer schaeffer
anklagen anklagen
pinguin pinguin
corinne corinne
orsay orsay
rave rave
flugsicherung flugsicherung
paradiso paradiso
varga varga
idealer ideal
mademoiselle mademoiselle
poisson poisson
hashimoto hashimoto
kleber kleber
unterschicht unterschicht
schicke schicke
ostia ostia
numismatik numismatik
spinoza spinoza
ptt ptt
verbindlichkeit verbindlichkeit
gotham gotham
moralischer moral
ostwald ostwald
verspottet mocked
umstrukturiert restructured
geselle geselle
rekonstruktionen reconstructions
umgestalten umgestalten
koh koh
janson janson
scarborough scarborough
escola escola
hamza hamza
zisterne zisterne
extraktion extraktion
rajasthan rajasthan
willoughby willoughby
erkundungen erkundungen
jolly jolly
badehaus badehaus
peri peri
omnia omnia
militanten militant
modo modo
wilfred wilfred
ayala ayala
winckelmann winckelmann
buzz buzz
gespeicherte gespeicherte
adnan adnan
mccormick mccormick
kataster kataster
mette mette
aschenbach aschenbach
meisterkurse meisterkurse
janina janina
streisand streisand
fulbright fulbright
jekyll jekyll
souvenir souvenir
mclaughlin mclaughlin
dachstein dachstein
gestohlene stolen
slade slade
agua agua
leszek leszek
bagan bagan
automat automat
einsatzgruppe einsatzgruppe
harmonium harmonium
ofc ofc
aes aes
benetton benetton
kerber kerber
axiome axiome
dotierte dotierte
rationalisierung rationalisierung
keck keck
imp imp
leary leary
clementine clementine
espace espace
karabiner karabiner
brockmann brockmann
halden halden
terroristische terrorist
barby barby
ambulanten in-patient
ignatz ignatz
kanonische canonical
fick fick
johannsen johannsen
sendai sendai
tutte tutte
privilegierte privilegierte
leland leland
hoffmeister hoffmeister
komoren komoren
wandler wandler
spindel spindel
waterford waterford
anreize incentives
cuenca cuenca
massnahmen massnahmen
datenaustausch datenaustausch
gastein gastein
acc acc
kreuzfahrten cruises
erraten erraten
sensibel sensibel
inoue inoue
kreuzfahrt cruise
luftschiffe airships
bayard bayard
skeptiker sceptics
bolschoi bolschoi
disqualifikation disqualifikation
funktionell functionally
forza forza
verspielt verspielt
sicilia sicilia
drago drago
athanasius athanasius
stary stary
chirac chirac
drost drost
mutige courageous
husten cough
kubismus cubism
peitsche peitsche
coe coe
jenner jenner
diplomatisch diplomatically
saud saud
epidemiologie epidemiology
matterhorn matterhorn
tomsk tomsk
implikationen implications
vitamine vitamins
stromabnehmer stromabnehmer
brandy brandy
geller geller
osijek osijek
origines origines
leila leila
margrit margrit
fleetwood fleetwood
nena nena
elastische elastic
pda pda
fanfare fanfare
halbieren halve
indra indra
gars gars
africanus africanus
asmus asmus
koptischen coptic
entgegenkommen entgegenkommen
sasse sasse
nsb nsb
moderaten moderaten
vivien vivien
hama hama
lesley lesley
pagel pagel
hysterie hysteria
faszinierend fascinatingly
induzierte induzierte
pad pad
pneumatische pneumatische
upgrade upgrade
stacy stacy
geklickt clicked
pinochet pinochet
transplantation transplantation
humorvoll humorous
christy christy
allegorien allegories
iia iia
artemisia artemisia
fidelis fidelis
internierten prisoners-of-war
bille bille
hearst hearst
backofen oven
anthroposophie anthroposophie
verankern verankern
quirin quirin
regulierten regulierten
walle walle
weigand weigand
claes claes
wernicke wernicke
rashid rashid
petrarca petrarca
ela ela
mca mca
brandeis brandeis
zauberhafte enchanting
directx directx
falstaff falstaff
mauritz mauritz
ece ece
noviziat noviziat
aufmarsch aufmarsch
herre herre
bondy bondy
hyper hyper
mikkelsen mikkelsen
paine paine
physiologisch physiologically
abschrecken abschrecken
knockout knockout
calvert calvert
esten esten
fontenay fontenay
schrumpfen schrumpfen
kontinuierlicher kontinuierlicher
barbe barbe
hispaniola hispaniola
verewigen verewigen
schleimhaut mucous
afb afb
eldorado eldorado
leim leim
zetkin zetkin
nida nida
ecker ecker
schering schering
scheinwerfern scheinwerfern
feller feller
gewebes tissue
suspendierung suspendierung
brauen brauen
unangetastet unangetastet
galveston galveston
bournemouth bournemouth
garantierten garantierten
chromatische chromatic
frauenanteil frauenanteil
hinderlich hinderlich
elastisch pliable
wirtschaftsraum wirtschaftsraum
parasit parasit
freebsd freebsd
derrida derrida
carrasco carrasco
mortensen mortensen
piaggio piaggio
vert vert
constantia constantia
permutation permutation
vader vader
zahlungsverkehr multi-currency
huck huck
vaillant vaillant
tolerant tolerant
bergdorf bergdorf
bildschirme screens
haines haines
ungehorsam disobedience
shearer shearer
hoon hoon
downing downing
murg murg
unwahr untrue
fortschreiten fortschreiten
leighton leighton
artaxerxes artaxerxes
kaste caste
homophobie homophobia
obduktion post-mortem
rudd rudd
iljuschin iljuschin
rsfsr rsfsr
grieg grieg
bereitwillig bereitwillig
rosenkavalier rosenkavalier
karatschi karatschi
informationsquellen informationsquellen
ohe ohe
wahrhaft wahrhaft
tweed tweed
dolan dolan
wilcox wilcox
ito ito
joaquin joaquin
riesig riesig
becky becky
huey huey
ics ics
ostrom ostrom
krajina krajina
bara bara
feststellungen feststellungen
umlaut umlaut
ivor ivor
ebm ebm
appetit appetit
kohlenmonoxid monoxide
gaines gaines
leihen borrow
stronach stronach
dobson dobson
ehm ehm
usbekischen usbekischen
enthusiasmus enthusiasm
vitoria vitoria
atque atque
haha haha
anson anson
impressionisten impressionists
australopithecus australopithecus
crewe crewe
genet genet
holzindustrie holzindustrie
angolanischen angolanischen
carlin carlin
physique physique
jpl jpl
vaz vaz
kempe kempe
lope lope
aidan aidan
systema systema
nocturne nocturne
rapport rapport
kontingente kontingente
islamismus islamism
woyzeck woyzeck
tigre tigre
janke janke
muerte muerte
petre petre
bash bash
verdrehen verdrehen
kruger kruger
funchal funchal
aufzeichnen aufzeichnen
geburtstage birthdays
bessie bessie
hefen hefen
bjp bjp
claussen claussen
bithynien bithynien
nikotin nicotine
divina divina
winfield winfield
brillant brilliantly
occidentalis occidentalis
verschenken verschenken
praga praga
negri negri
athenaeum athenaeum
kiowa kiowa
leah leah
mahr mahr
alistair alistair
manley manley
ungleichbehandlung ungleichbehandlung
strudel strudel
hela hela
clarissa clarissa
mcculloch mcculloch
hesiod hesiod
unentbehrlich indispensable
tories tories
restrukturierung restructuring
toxische neurotoxic
unilever unilever
orchard orchard
weizmann weizmann
ausgewogenheit ausgewogenheit
kollektivierung collectivisation
klemme klemme
rauscher rauscher
innersten innermost
linguae linguae
kda kda
amalfi amalfi
raff raff
touraine touraine
drehbar drehbar
geliehen borrowed
wader wader
kiki kiki
cava cava
bowles bowles
belinda belinda
kleiber kleiber
ochoa ochoa
spoiler spoiler
irl irl
attilio attilio
joos joos
sonnenblumen sunflowers
entziffern decipher
katalogisiert catalogued
syntaktische syntactical
signe signe
sinfonietta sinfonietta
betet prays
weingartner weingartner
kreationismus kreationismus
benedictus benedictus
ansprechende ansprechende
standardabweichung standardabweichung
steifigkeit stiffness
klettert klettert
miyamoto miyamoto
fosse fosse
nis nis
dogmatischen dogmatical
dividende dividend
inclusive inclusive
staus staus
annett annett
sapienza sapienza
rbs rbs
boje boje
barnaby barnaby
cze cze
strawinsky stravinsky
flipper flipper
mccormack mccormack
konverter konverter
garantien garantien
dioden diodes
lebrecht lebrecht
irritierend irritierend
generierten generierten
maa maa
dulce dulce
erblickte erblickte
rolex rolex
folke folke
alkibiades alkibiades
soir soir
belmonte belmonte
wicca wicca
ablassen ablassen
setzer setzer
mikrowellen microwaves
teer teer
fier fier
mengele mengele
kosmetische cosmetic
wga wga
sandrine sandrine
grasset grasset
baia baia
avanti avanti
soooo soooooo
nylon nylon
garnett garnett
kopfgeld kopfgeld
stealth stealth
drahtlose wireless
erschrecken startle
improvisiert improvisiert
ossi ossi
tillich tillich
mainboard motherboard
vilar vilar
vitesse vitesse
drosophila drosophila
originellen originellen
zweigniederlassung zweigniederlassung
eingebetteten eingebetteten
beunruhigt alarmed
popescu popescu
mikroprozessor microprocessor
breschnew breschnew
asb asb
methodisten baptists
kwan kwan
ballsaal ballsaal
actio actio
vulva vulva
gurt gurt
lesbisch lesbisch
laila laila
leiber leiber
gila gila
abgeneigt abgeneigt
herat herat
equus equus
kreditkarten kreditkarten
ryanair ryanair
wochentags weekdays
monolith monolith
arcos arcos
nsv nsv
medicina medicina
geschicklichkeit dexterity
reichard reichard
abril abril
brechung brechung
haworth haworth
papierindustrie papierindustrie
gracie gracie
morell morell
qingdao qingdao
menuett menuett
hokkaido hokkaido
simferopol simferopol
keystone keystone
sappho sappho
stricken stricken
sup sup
degeneration degeneration
mooney mooney
flaubert flaubert
downhill downhill
iteration iteration
krupa krupa
feldarbeit feldarbeit
kostspielige costly
bukowski bukowski
lobenswert lobenswert
covington covington
commodus commodus
numa numa
marte marte
fabien fabien
benedetti benedetti
wange cheek
prozeduren prozeduren
pogrome pogroms
timmermann timmermann
brustkorb ribcage
healy healy
needham needham
seraph seraph
ilija ilija
kinetik kinetics
nak nak
fata fata
malware malware
immobilienmakler immobilienmakler
amenemhet amenemhet
poli poli
aufschub aufschub
bbs bbs
leroux leroux
revuen revuen
arrigo arrigo
sanz sanz
brahmanen brahmins
fixierten fixierten
respektiere respektiere
mireille mireille
klass klass
anastasios anastasios
izumi izumi
foltern torturing
albacete albacete
gegenpartei gegenpartei
phuket phuket
ficus ficus
halley halley
charon charon
tsr tsr
benefit benefit
salles salles
morro morro
florierte prospered
majewski majewski
breakers breakers
wav wav
meditationen meditations
tonnage tonnage
ebv ebv
determinismus determinism
relay relay
saumur saumur
suworow suworow
tallahassee tallahassee
hypothek hypothek
triangulation triangulation
lobbyist lobbyist
orks orcs
bojan bojan
ashford ashford
abstreiten abstreiten
brucker brucker
valse valse
viera viera
drp drp
isin isin
stonewall stonewall
haftpflicht haftpflicht
grundgesamtheit grundgesamtheit
fehlgeburt miscarriage
kirkpatrick kirkpatrick
outback outback
isolatoren isolatoren
verbittert embittered
fen fen
wrestlemania wrestlemania
mujer mujer
luftfahrtindustrie luftfahrtindustrie
mutterschaft motherhood
zuschauen zuschauen
viviane viviane
arion arion
fortschrittlich fortschrittlich
tikal tikal
mst mst
geraldo geraldo
voz voz
alda alda
vicki vicki
hough hough
mordkommission mordkommission
verpacken verpacken
interleukin interleukin
horthy horthy
glastonbury glastonbury
fortunato fortunato
darth darth
wilderer wilderer
queenstown queenstown
reizung reizung
matin matin
delos delos
graber graber
inquisitor inquisitor
aves aves
rattle rattle
szabo szabo
buchladen buchladen
hilfsbereitschaft hilfsbereitschaft
sabotieren sabotaging
frascati frascati
sherpa sherpa
fernglas binoculars
impliziten impliziten
goku goku
polyeder polyeder
moresby moresby
tem tem
chardin chardin
transatlantischen transatlantischen
waterman waterman
frakturen fractures
krankhaft krankhaft
olin olin
houben houben
mks mks
bibliophilen bibliophilen
tufts tufts
lagarde lagarde
yasin yasin
globo globo
fln fln
idw idw
corel corel
nahaufnahme nahaufnahme
sica sica
christologie christology
gull gull
lawton lawton
freenet freenet
gestrandet marooned
zyprische zyprische
isd isd
horseshoe horseshoe
spendenaktion spendenaktion
nachladen reloading
conquista conquista
notorisch notorisch
milos milos
verdunkelt verdunkelt
muff muff
bastien bastien
kopulation copulation
tomo tomo
karenina karenina
duns duns
necker necker
paton paton
universalis universalis
zikaden zikaden
veranschlagten veranschlagten
ventilatoren ventilatoren
kontaminiert contaminates
plein plein
latimer latimer
ict ict
expressionisten impressionists
cordier cordier
europ europ
fridtjof fridtjof
campagna campagna
dagblad dagblad
analysten analysts
eingetauscht eingetauscht
cursus cursus
ganzheit wholeness
flinte flinte
celli celli
realms realms
lovelace lovelace
hausner hausner
sto sto
heuchelei hypocrisy
affinis affinis
andor andor
germano germano
scirocco scirocco
cleo cleo
bayan bayan
fiberglas fiberglas
gravis gravis
klumpen klumpen
portfolios portfolios
thrombozyten platelets
adsorption chemisorption
speisekarte speisekarte
zweimonatlich zweimonatlich
itc itc
olivera olivera
hideki hideki
intervenieren intervene
sicherstellt sicherstellt
pcp pcp
missachten missachten
stigma stigma
abou abou
madama madama
travolta travolta
staunton staunton
komprimierung komprimierung
barentssee barentssee
hyperbolische hyperbolische
mittelsteinzeit mittelsteinzeit
initiierung initiierung
zersetzen zersetzen
grandi grandi
imperialistischen imperialist
ambition ambition
schwierigste schwierigste
fisk fisk
bertel bertel
telford telford
brok brok
tiago tiago
speiser speiser
assur assyria
naturel naturel
hohner hohner
solano solano
hedge hedge
paradoxerweise paradoxically
neale neale
gainsborough gainsborough
ukulele ukulele
pandemie pandemic
gtr gtr
voraussichtlichen voraussichtlichen
pietra pietra
meiringen meiringen
bediener bediener
kognition cognition
auspuff auspuff
zinnober zinnober
magdalen magdalen
nyse nyse
strontium strontium
bescheinigen bescheinigen
gba gba
embryonalen embryonalen
predrag predrag
umworben umworben
galla galla
physiotherapeuten physiotherapists
plas plas
schlieren schlieren
nominale nominale
hosting hosting
freihandelszone freihandelszone
kathi kathi
namib namib
kaminsky kaminsky
halskette halskette
amara amara
hedy hedy
flaminia flaminia
mdi mdi
acrobat acrobat
grammys grammys
xtreme xtreme
hugin hugin
agence agence
multiplizieren multiplizieren
interferometer interferometer
aloha aloha
hark hark
swp swp
kosmetischen cosmetic
streptococcus streptococcus
idem idem
ntv ntv
bazar bazar
ubi ubi
ernennungen ernennungen
moebius moebius
jardine jardine
prat prat
baikal baikal
rabelais rabelais
diu diu
mam mam
manna manna
napa napa
gegenmittel gegenmittel
cites cites
hape hape
raffaello raffaello
gigs gigs
epi epi
jed jed
spirituell spiritually
malkovich malkovich
tinker tinker
hurtigruten hurtigruten
nichtstaatlichen nichtstaatlichen
rud rud
gaba gaba
palatina palatina
aip aip
baa baa
stavros stavros
schmerzlich schmerzlich
kearney kearney
reservierung reservierung
piccard piccard
misfits misfits
madam madam
schneeball schneeball
durchschnitts durchschnitts
choreographen choreographers
georgette georgette
sandalen sandalen
jigme jigme
wehrli wehrli
mesmer mesmer
fortunatus fortunatus
llosa llosa
korinther corinthians
stabat stabat
gutschein voucher
petrowna petrowna
attenborough attenborough
valentinstag valentines
ebb ebb
hippocampus hippocampus
marengo marengo
tabasco tabasco
finster finster
kriegsherr kriegsherr
stari stari
strahlend strahlend
pilsner pilsner
dodds dodds
konfrontieren confront
danica danica
lavendel lavender
tid tid
concerti concerti
janda janda
poppins poppins
hengelo hengelo
brookes brookes
roser roser
guineas guineas
gcc gcc
padi padi
igh igh
arai arai
ptah ptah
katzenbach katzenbach
villes villes
restauratoren restauratoren
dione dione
hilal hilal
reka reka
benner benner
ottone ottone
weichtieren weichtieren
michaud michaud
samo samo
cuevas cuevas
institutioneller institutioneller
fuad fuad
olden olden
pianissimo pianissimo
mastroianni mastroianni
feststoffe feststoffe
zuschneiden zuschneiden
lammermoor lammermoor
kodieren kodieren
mittelwerte mittelwerte
kufa kufa
agosto agosto
verfeinern verfeinern
lata lata
rdf rdf
quasten quasten
algebraisch algebraisch
coon coon
preminger preminger
candice candice
seto seto
geiss geiss
kmt kmt
botticelli botticelli
popstar popstar
juanita juanita
castellum castellum
lale lale
mycobacterium mycobacterium
cassano cassano
aleister aleister
vukovar vukovar
nusa nusa
struth struth
murdock murdock
modifizierung modifizierung
mundy mundy
gitte gitte
portillo portillo
golfo golfo
diplomatique diplomatique
nebukadnezar nebuchadnezzar
bulla bulla
wedgwood wedgwood
alitalia alitalia
droite droite
sone sone
macs macs
gleiter gleiter
austernfischer austernfischer
eurostat eurostat
formica formica
ramayana ramayana
trauriger trauriger
naacp naacp
pelagius pelagius
pastorius pastorius
vorhand vorhand
coenzym coenzyme
poppy poppy
rockville rockville
optimistische optimistic
nair nair
quesada quesada
carrick carrick
marwan marwan
robinsons robinsons
insa insa
darnell darnell
iti iti
elternschaft elternschaft
tetsuya tetsuya
reformierung reforming
vmware vmware
konsolidierten konsolidierten
twa twa
anlaufstellen anlaufstellen
pulsar pulsar
dcc dcc
kristoffer kristoffer
leela leela
wechselbeziehungen interrelationships
hamed hamed
anrufbeantworter answerphones
durchgestrichen durchgestrichen
verrechnung verrechnung
mako mako
mobutu mobutu
montecassino montecassino
sabor sabor
setlist setlist
treibhausgase treibhausgase
moz moz
selden selden
glasur glaze
cherubini cherubini
idi idi
itt itt
meunier meunier
tsubasa tsubasa
amida amida
amulette amulets
aladin aladin
abdoulaye abdoulaye
kragujevac kragujevac
triglav triglav
proms proms
personalisierte personalisierte
pecos pecos
polina polina
mayflower mayflower
dissonanz dissonance
spi spi
intrepid intrepid
pickups pickups
tiller tiller
humes humes
wac wac
dge dge
frunse frunse
gringo gringo
ausnahmeregelungen exemptions
tattoos tattoos
erbil erbil
pochen pochen
kernholz kernholz
pfirsich lychee
subunternehmer subcontractors
axl axl
unmoralisch immoral
astrium astrium
runciman runciman
grinsen smirk
laroche laroche
divan divan
higginson higginson
juillet juillet
tovar tovar
kontraindiziert contraindicated
wiedergeboren wiedergeboren
integra integra
dobbs dobbs
girardet girardet
zentralistischen centralist
officio officio
indias indias
interferenzen interferenzen
wma wma
bilbo bilbo
gmd gmd
dwa dwa
karateka karateka
pristina pristina
chaka chaka
gleichwertigkeit gleichwertigkeit
claret claret
propagandist propagandist
befruchteten fertilised
schneidezahn schneidezahn
preisliste preisliste
zelluloid celluloid
serif serif
feil feil
mcmaster mcmaster
ozonschicht ozone
sitcoms sitcoms
autocad autocad
massoud massoud
salafisten salafisten
lipid lipid
geile geile
kurzsichtigkeit nearsightedness
jonson jonson
supraleiter supraleiter
cordon cordon
landfläche landfläche
meinhard meinhard
gießerei gießerei
kühler kühler
prignitz prignitz
nîmes nîmes
sägewerk sägewerk
verhör verhör
veste veste
aktionäre aktionäre
glücklichen glücklichen
überarbeitungen überarbeitungen
sportclub sportclub
roswitha roswitha
glatzer glatzer
emscher emscher
schauenburg schauenburg
kelheim kelheim
orl orl
nordfriesland nordfriesland
asteraceae asteraceae
einbeck einbeck
motorrädern motorrädern
verjüngt verjüngt
ungestört ungestört
osterzgebirge osterzgebirge
ungültiger ungültiger
ungefähre ungefähre
gleichgültig gleichgültig
börsen börsen
befürchtungen befürchtungen
blühen blühen
hingehört hingehört
dalberg dalberg
windmühlen windmühlen
schüssel schüssel
kib kib
gruppenführer gruppenführer
havelberg havelberg
mürwik mürwik
erläuterte erläuterte
tiefenbach tiefenbach
überschuss überschuss
schönefeld schönefeld
wologda wologda
gemünden gemünden
rheda rheda
sfsr sfsr
torbjörn torbjörn
travemünde travemünde
rüben rüben
papenburg papenburg
indre indre
ryū ryū
staudinger staudinger
brutalität brutalität
mentalität mentalität
ruhpolding ruhpolding
überlagerung überlagerung
horváth horváth
löwenherz löwenherz
grabow grabow
türmchen türmchen
überschaubar überschaubar
schwächere schwächere
aufzüge aufzüge
wikileaks wikileaks
mysteriöse mysteriöse
winnetou winnetou
übermäßige übermäßige
auslösung auslösung
variabilität variabilität
waldau waldau
essigsäure essigsäure
bedürftige bedürftige
östlichste östlichste
dewiki dewiki
nikephoros nikephoros
harzburg harzburg
eiweiß eiweiß
dvořák dvořák
unbeschädigt unbeschädigt
gefürchtet gefürchtet
geoffroy geoffroy
fürsprecher fürsprecher
staatsangehörige staatsangehörige
mediävist mediävist
seahawks seahawks
étang étang
hernán hernán
bartók bartók
fässer fässer
bernauer bernauer
rihanna rihanna
inaktivität inaktivität
arundel arundel
archéologie archéologie
nächst nächst
agglomération agglomération
bündnisse bündnisse
benrath benrath
beißen beißen
übereinstimmend übereinstimmend
familienangehörige familienangehörige
unverschämt unverschämt
geisenheim geisenheim
gebärmutter gebärmutter
mykologe mykologe
aufnahmeprüfung aufnahmeprüfung
düse düse
watford watford
velké velké
salpetersäure salpetersäure
mühelos mühelos
oberflächliche oberflächliche
hochwald hochwald
kanagawa kanagawa
proa proa
gewähr gewähr
wünsch wünsch
zofingen zofingen
verknüpfte verknüpfte
leuschner leuschner
sauveur sauveur
macke macke
bäumer bäumer
aydın aydın
kreutz kreutz
jihlava jihlava
guimarães guimarães
colloredo colloredo
kapfenberg kapfenberg
predella predella
mädels mädels
nowe nowe
konstantinowitsch konstantinowitsch
almería almería
plündern plündern
hennigsdorf hennigsdorf
polarität polarität
zünder zünder
kindermädchen kindermädchen
serre serre
allmähliche allmähliche
exzentrizität exzentrizität
niño niño
kopfhörer kopfhörer
alemannen alemannen
trotha trotha
glienicke glienicke
jazzfestival jazzfestival
würm würm
antikörpern antikörpern
alexandrine alexandrine
wallraf wallraf
zuckerrüben zuckerrüben
hmas hmas
cédric cédric
wisła wisła
basedow basedow
galiläa galiläa
hunziker hunziker
wikia wikia
misérables misérables
bösartige bösartige
präposition präposition
mikroregion mikroregion
unvollständigkeit unvollständigkeit
blazers blazers
würfe würfe
souveräne souveräne
dümmer dümmer
hüllen hüllen
borgward borgward
angenähert angenähert
affoltern affoltern
orthopädische orthopädische
berüchtigte berüchtigte
pärchen pärchen
so}} so}}
oradea oradea
beazley beazley
angélique angélique
anschütz anschütz
schytomyr schytomyr
zedler zedler
vélez vélez
vorzüglich vorzüglich
warwickshire warwickshire
pelé pelé
abgekühlt abgekühlt
burnley burnley
tbk tbk
safawiden safawiden
artigas artigas
riedesel riedesel
montigny montigny
ayrshire ayrshire
ept ept
meike meike
fallingbostel fallingbostel
agassiz agassiz
rössler rössler
reiß reiß
legia legia
wikivoyage wikivoyage
supérieur supérieur
znojmo znojmo
napoca napoca
rückflug rückflug
malley malley
tschernihiw tschernihiw
carrière carrière
seleukos seleukos
klüger klüger
championnat championnat
scharmützel scharmützel
venstre venstre
béthune béthune
parfüm parfüm
shoshone shoshone
tábor tábor
nägeln nägeln
supermärkten supermärkten
verrückter verrückter
qmjhl qmjhl
waltham waltham
semjonowitsch semjonowitsch
übernachtungsmöglichkeiten übernachtungsmöglichkeiten
mawr mawr
pärnu pärnu
hach hach
nützlichkeit nützlichkeit
luftbrücke luftbrücke
quartär quartär
bugenhagen bugenhagen
emmen emmen
moutier moutier
hüften hüften
öland öland
jägerndorf jägerndorf
knöchel knöchel
elitären elitären
croydon croydon
honigtopf honigtopf
achates achates
herrick herrick
geschätzter geschätzter
heitmann heitmann
hermannsburg hermannsburg
vasconcelos vasconcelos
sète sète
bürgen bürgen
fazies fazies
balázs balázs
zutphen zutphen
agostini agostini
exupéry exupéry
pétain pétain
flèche flèche
philosophes philosophes
comptes comptes
derwent derwent
mexicano mexicano
rondell rondell
kirchenbänke kirchenbänke
michoacán michoacán
jaén jaén
bárbara bárbara
gefährte gefährte
hilarius hilarius
dobrudscha dobrudscha
homomorphismus homomorphismus
bigorre bigorre
elz elz
spener spener
lewiston lewiston
feininger feininger
jónsson jónsson
zurückzahlen zurückzahlen
farmington farmington
fötus fötus
assiniboine assiniboine
sønderborg sønderborg
moncton moncton
castres castres
tamaulipas tamaulipas
almoraviden almoraviden
frölunda frölunda
demirspor demirspor
kalamazoo kalamazoo
rákóczi rákóczi
durchlässigkeit durchlässigkeit
yavapai yavapai
zufälle zufälle
peitz peitz
klenze klenze
merode merode
nederlandsch nederlandsch
kapfenberger kapfenberger
musso musso
tätowierung tätowierung
nemzeti nemzeti
zehnkämpfer zehnkämpfer
nebe nebe
vlaamse vlaamse
tausendjährige tausendjährige
dandridge dandridge
penthièvre penthièvre
bentinck bentinck
unerträgliche unerträgliche
lentulus lentulus
gildemeister gildemeister
ulbrich ulbrich
seminolen seminolen
emerich emerich
luxemburgisch luxemburgisch
bässe bässe
erbärmlich erbärmlich
motherwell motherwell
waschbären waschbären
mousson mousson
rouergue rouergue
überschüsse überschüsse
madrasa madrasa
sette sette
vilâyet vilâyet
exter exter
läsionen läsionen
centenario centenario
schärpe schärpe
syro syro
tusk tusk
cohors cohors
bonelli bonelli
herefordshire herefordshire
farman farman
échecs échecs
löten löten
ventimiglia ventimiglia
wfm wfm
nachrüstung nachrüstung
shizuka shizuka
flüssiggas flüssiggas
yavuz yavuz
leitsätze leitsätze
pando pando
herpetologe herpetologe
westbrook westbrook
produktionskapazität produktionskapazität
linth linth
busby busby
baník baník
schönstatt schönstatt
federação federação
presque presque
islington islington
fratelli fratelli
trinitÃ trinitÃ
exarch exarch
vítkovice vítkovice
inich inich
ötztal ötztal
vingt vingt
nasl nasl
modernität modernität
manx manx
olímpico olímpico
skn skn
civico civico
sägewerke sägewerke
maredudd maredudd
hakodate hakodate
meriniden meriniden
bussy bussy
brüllen brüllen
jervis jervis
blasco blasco
reifferscheid reifferscheid
dota dota
saxifraga saxifraga
solowjow solowjow
kommun kommun
slovenska slovenska
maculata maculata
puskás puskás
albemarle albemarle
weigle weigle
stoughton stoughton
crawley crawley
assange assange
kongsberg kongsberg
botoșani botoșani
heiberg heiberg
schleck schleck
wooster wooster
graecorum graecorum
übertragbare übertragbare
schalldämpfer schalldämpfer
didot didot
longchamp longchamp
seguin seguin
plana plana
weingärtner weingärtner
bonilla bonilla
fänge fänge
natalija natalija
transkarpatien transkarpatien
mississauga mississauga
küstengewässer küstengewässer
ålesund ålesund
hawes hawes
surselva surselva
empfängnisverhütung empfängnisverhütung
elert elert
désert désert
repens repens
hellberg hellberg
necaxa necaxa
evaristo evaristo
giurgiu giurgiu
jardins jardins
sarreguemines sarreguemines
canavese canavese
nivelles nivelles
unverschlüsselt unverschlüsselt
nisa nisa
devonport devonport
radke radke
olena olena
selwyn selwyn
taishō taishō
bechet bechet
urraca urraca
harbach harbach
erzincan erzincan
copán copán
karien karien
gasförmige gasförmige
iloilo iloilo
einkäufe einkäufe
novas novas
chaussée chaussée
kurbelgehäuse kurbelgehäuse
meise meise
carioca carioca
matsuyama matsuyama
lächelt lächelt
verhandlungsführer verhandlungsführer
östra östra
asobal asobal
bohol bohol
torrey torrey
deerfield deerfield
ørsted ørsted
sprichwörtliche sprichwörtliche
johnstown johnstown
werbetexter werbetexter
abstoßend abstoßend
überproduktion überproduktion
gentil gentil
sociedade sociedade
yanow yanow
nationaux nationaux
reil reil
mariage mariage
mateus mateus
boelcke boelcke
çaykur çaykur
miroir miroir
überprüfbarkeit überprüfbarkeit
marijampolė marijampolė
muztagh muztagh
faß faß
liebman liebman
dickerson dickerson
condottiere condottiere
jinhua jinhua
scutellum scutellum
pfütze pfütze
trübung trübung
mohegan mohegan
gillan gillan
hervey hervey
kodály kodály
tiraspol tiraspol
alkyl alkyl
yutaka yutaka
crotone crotone
mülltonne mülltonne
alpinia alpinia
onsen onsen
nowiki nowiki
böker böker
gascoyne gascoyne
sugiyama sugiyama
tournon tournon
krahn krahn
basterds basterds
atchison atchison
pou pou
sigismondo sigismondo
disque disque
